id,artist,sculpt,name,img
299ef2b0,Azi Keycaps,Misc,Laniaq,https://cdn.keycap-archivist.com/keycaps/299ef2b0.jpg
1c601e7,Azi Keycaps,Misc,Dune,https://cdn.keycap-archivist.com/keycaps/1c601e7.jpg
e8754e84,Azi Keycaps,Misc,Slime Scholar,https://cdn.keycap-archivist.com/keycaps/e8754e84.jpg
b2d7ef8,Azi Keycaps,Misc,Blank Symbol Cherry R1,https://cdn.keycap-archivist.com/keycaps/b2d7ef8.jpg
50bfaafc,Azi Keycaps,Misc,Raposa,https://cdn.keycap-archivist.com/keycaps/50bfaafc.jpg
75d124ea,Azi Keycaps,Misc,Esc/Enter Cherry,https://cdn.keycap-archivist.com/keycaps/75d124ea.jpg
73486971,Azi Keycaps,Misc,Controle,https://cdn.keycap-archivist.com/keycaps/73486971.jpg
ffc40d03,Azi Keycaps,Misc,EVA-01 SA,https://cdn.keycap-archivist.com/keycaps/ffc40d03.jpg
d2201fd5,Azi Keycaps,Misc,Sharingan,https://cdn.keycap-archivist.com/keycaps/d2201fd5.jpg
b158d4e3,Azi Keycaps,Misc,Black Spiral Face,https://cdn.keycap-archivist.com/keycaps/b158d4e3.jpg
2a0d2bd5,Azi Keycaps,Misc,Purple Spiral Face (GID),https://cdn.keycap-archivist.com/keycaps/2a0d2bd5.jpg
37d2c109,Azi Keycaps,Misc,Takodachi Ina,https://cdn.keycap-archivist.com/keycaps/37d2c109.jpg
812aec41,Azi Keycaps,Misc,Black Spirit,https://cdn.keycap-archivist.com/keycaps/812aec41.jpg
9909ec87,Azi Keycaps,Misc,jeguinha,https://cdn.keycap-archivist.com/keycaps/9909ec87.jpg
fe57ffc2,Azi Keycaps,Misc,Casal de Pato,https://cdn.keycap-archivist.com/keycaps/fe57ffc2.jpg
4a049752,Azi Keycaps,Misc,Sensi,https://cdn.keycap-archivist.com/keycaps/4a049752.jpg
3a36ef90,Azi Keycaps,Misc,Lakers,https://cdn.keycap-archivist.com/keycaps/3a36ef90.jpg
367922bb,Azi Keycaps,Misc,Shaman,https://cdn.keycap-archivist.com/keycaps/367922bb.jpg
bfcd4e1b,Azi Keycaps,Misc,Joker,https://cdn.keycap-archivist.com/keycaps/bfcd4e1b.jpg
dbebf765,Azi Keycaps,Misc,Harley Quinn,https://cdn.keycap-archivist.com/keycaps/dbebf765.jpg
d90462f9,Azi Keycaps,Misc,Iron Man,https://cdn.keycap-archivist.com/keycaps/d90462f9.jpg
4f336003,Azi Keycaps,Misc,Captain America,https://cdn.keycap-archivist.com/keycaps/4f336003.jpg
96fe1bd2,Azi Keycaps,Misc,Druid symbol,https://cdn.keycap-archivist.com/keycaps/96fe1bd2.jpg
b42bf417,Azi Keycaps,Misc,Majin,https://cdn.keycap-archivist.com/keycaps/b42bf417.jpg
d3472c98,Azi Keycaps,Misc,Juliamio,https://cdn.keycap-archivist.com/keycaps/d3472c98.jpg
ef12876b,Azi Keycaps,Misc,Steph,https://cdn.keycap-archivist.com/keycaps/ef12876b.jpg
9567ecf8,Azi Keycaps,Misc,Oifrancine,https://cdn.keycap-archivist.com/keycaps/9567ecf8.jpg
3b25bcfd,Azi Keycaps,Misc,Murilove,https://cdn.keycap-archivist.com/keycaps/3b25bcfd.jpg
5da45ed0,Azi Keycaps,Misc,Pato,https://cdn.keycap-archivist.com/keycaps/5da45ed0.jpg
398caf60,Azi Keycaps,Misc,FLR,https://cdn.keycap-archivist.com/keycaps/398caf60.jpg
6eb1e544,Azi Keycaps,Misc,Elementalist Lux,https://cdn.keycap-archivist.com/keycaps/6eb1e544.jpg
fbde35c9,Azi Keycaps,Misc,Assinatura,https://cdn.keycap-archivist.com/keycaps/fbde35c9.jpg
1b8fb5af,Azi Keycaps,Misc,Loud,https://cdn.keycap-archivist.com/keycaps/1b8fb5af.jpg
74921189,Azi Keycaps,Misc,Horde,https://cdn.keycap-archivist.com/keycaps/74921189.jpg
bfca0556,Azi Keycaps,Misc,Alliance,https://cdn.keycap-archivist.com/keycaps/bfca0556.jpg
988a9e83,Azi Keycaps,Misc,Arco,https://cdn.keycap-archivist.com/keycaps/988a9e83.jpg
473c133d,Azi Keycaps,Misc,Whitebeard,https://cdn.keycap-archivist.com/keycaps/473c133d.jpg
60a209e1,Azi Keycaps,Misc,Yuumi,https://cdn.keycap-archivist.com/keycaps/60a209e1.jpg
25ad5a2f,Azi Keycaps,Misc,Blank Cherry R1,https://cdn.keycap-archivist.com/keycaps/25ad5a2f.jpg
16655c1a,Azi Keycaps,Misc,Abelha,https://cdn.keycap-archivist.com/keycaps/16655c1a.jpg
4c1f23ad,Azi Keycaps,Misc,Meteor,https://cdn.keycap-archivist.com/keycaps/4c1f23ad.jpg
6086e341,Azi Keycaps,Misc,Extermineitor,https://cdn.keycap-archivist.com/keycaps/6086e341.jpg
53a81d5c,Azi Keycaps,Misc,Renegado,https://cdn.keycap-archivist.com/keycaps/53a81d5c.jpg
cf2f6fe1,Azi Keycaps,Misc,Lego Encap,https://cdn.keycap-archivist.com/keycaps/cf2f6fe1.jpg
41a1774f,Azi Keycaps,Misc,Blank SA,https://cdn.keycap-archivist.com/keycaps/41a1774f.jpg
50b91ab3,Azi Keycaps,Misc,Valorant,https://cdn.keycap-archivist.com/keycaps/50b91ab3.jpg
fc01da03,Azi Keycaps,Misc,Blank Cherry R1,https://cdn.keycap-archivist.com/keycaps/fc01da03.jpg
98ab8ab5,Azi Keycaps,Misc,Blank Cherry R1,https://cdn.keycap-archivist.com/keycaps/98ab8ab5.jpg
1af57eff,Azi Keycaps,Misc,Blank Cherry R1,https://cdn.keycap-archivist.com/keycaps/1af57eff.jpg
82565299,Azi Keycaps,Misc,Blank Cherry R1,https://cdn.keycap-archivist.com/keycaps/82565299.jpg
23359bcb,Azi Keycaps,Misc,Copper Blank,https://cdn.keycap-archivist.com/keycaps/23359bcb.jpg
6d76b2ef,Azi Keycaps,Misc,Gold Blank,https://cdn.keycap-archivist.com/keycaps/6d76b2ef.jpg
f7b04319,Azi Keycaps,Misc,Blank Cherry R1,https://cdn.keycap-archivist.com/keycaps/f7b04319.jpg
d40bda7d,Azi Keycaps,Misc,Blank Cherry R1,https://cdn.keycap-archivist.com/keycaps/d40bda7d.jpg
16c1ae8a,Azi Keycaps,Misc,Blank Cherry R1,https://cdn.keycap-archivist.com/keycaps/16c1ae8a.jpg
c989759c,Azi Keycaps,Misc,Blank Cherry R1,https://cdn.keycap-archivist.com/keycaps/c989759c.jpg
1ff45b7,Azi Keycaps,Misc,Blank Cherry R1,https://cdn.keycap-archivist.com/keycaps/1ff45b7.jpg
308847e2,Azi Keycaps,Misc,Blank Cherry R1,https://cdn.keycap-archivist.com/keycaps/308847e2.jpg
e78c3079,Azi Keycaps,Misc,NERV,https://cdn.keycap-archivist.com/keycaps/e78c3079.jpg
21b47774,Azi Keycaps,Misc,Longinus,https://cdn.keycap-archivist.com/keycaps/21b47774.jpg
69871983,Azi Keycaps,Misc,Esc/Enter Blanks,https://cdn.keycap-archivist.com/keycaps/69871983.jpg
e56e8328,Azi Keycaps,Misc,Koi spacebar (6.25u),https://cdn.keycap-archivist.com/keycaps/e56e8328.jpg
c0f51ad,Azi Keycaps,Misc,Blank Cherry R1,https://cdn.keycap-archivist.com/keycaps/c0f51ad.jpg
34d061bc,Azi Keycaps,Misc,Blank Cherry R1,https://cdn.keycap-archivist.com/keycaps/34d061bc.jpg
190ca138,Azi Keycaps,Misc,Blank Cherry R1,https://cdn.keycap-archivist.com/keycaps/190ca138.jpg
840d8f25,Azi Keycaps,Misc,Blank Yellow Petri,https://cdn.keycap-archivist.com/keycaps/840d8f25.jpg
ec4d9694,Azi Keycaps,Misc,Caveira Purple Smoke,https://cdn.keycap-archivist.com/keycaps/ec4d9694.jpg
869519fd,Azi Keycaps,Misc,Caveira Gray Smoke,https://cdn.keycap-archivist.com/keycaps/869519fd.jpg
72373c4,Azi Keycaps,Misc,Caveira Electric Pink,https://cdn.keycap-archivist.com/keycaps/72373c4.jpg
248ba921,Azi Keycaps,Misc,Niguiri (1.25u),https://cdn.keycap-archivist.com/keycaps/248ba921.jpg
74a6fc2d,Azi Keycaps,Misc,Mamaco - Master,https://cdn.keycap-archivist.com/keycaps/74a6fc2d.jpg
490d91ad,Azi Keycaps,Misc,Mamaco - Gray V1,https://cdn.keycap-archivist.com/keycaps/490d91ad.jpg
58c50fd0,Azi Keycaps,Misc,Neisan,https://cdn.keycap-archivist.com/keycaps/58c50fd0.jpg
ad356ec7,Azi Keycaps,Pato Puto,OG,https://cdn.keycap-archivist.com/keycaps/ad356ec7.jpg
a9de4c,Azi Keycaps,Pato Puto,Lilac,https://cdn.keycap-archivist.com/keycaps/a9de4c.jpg
a12da693,Azi Keycaps,Pato Puto,Beige (U9),https://cdn.keycap-archivist.com/keycaps/a12da693.jpg
5a5b2e6c,Azi Keycaps,Pato Puto,WoB,https://cdn.keycap-archivist.com/keycaps/5a5b2e6c.jpg
770ec88a,Azi Keycaps,Pato Puto,BoW,https://cdn.keycap-archivist.com/keycaps/770ec88a.jpg
462d0408,Azi Keycaps,Pato Puto,Slime (Commission),https://cdn.keycap-archivist.com/keycaps/462d0408.jpg
be2dc934,Azi Keycaps,Pato Puto,Easter 2022,https://cdn.keycap-archivist.com/keycaps/be2dc934.jpg
27f45be3,Azi Keycaps,Pato Puto,Sith Lord,https://cdn.keycap-archivist.com/keycaps/27f45be3.jpg
5470523b,Azi Keycaps,Pato Puto,Blood Fury,https://cdn.keycap-archivist.com/keycaps/5470523b.jpg
1ff11d0b,Azi Keycaps,Pato Puto,Perry Puto,https://cdn.keycap-archivist.com/keycaps/1ff11d0b.jpg
32f9a44c,Azi Keycaps,Pato Puto,Pato Abóbra,https://cdn.keycap-archivist.com/keycaps/32f9a44c.jpg
e7055e88,Azi Keycaps,Pato Puto,Sr. Esqueleto,https://cdn.keycap-archivist.com/keycaps/e7055e88.jpg
7f212f68,Azi Keycaps,Pato Puto,Pato The 13th,https://cdn.keycap-archivist.com/keycaps/7f212f68.jpg
8ae2a154,Azi Keycaps,Pato Puto,Nosfepato,https://cdn.keycap-archivist.com/keycaps/8ae2a154.jpg
1a68bd,Azi Keycaps,Pato Puto,Melancia,https://cdn.keycap-archivist.com/keycaps/1a68bd.jpg
62525f3c,Azi Keycaps,Pato Puto,Gummy - Morango,https://cdn.keycap-archivist.com/keycaps/62525f3c.jpg
f21c5dff,Azi Keycaps,Pato Puto,Gummy - Laranja,https://cdn.keycap-archivist.com/keycaps/f21c5dff.jpg
2b2eaf75,Azi Keycaps,Pato Puto,Gummy - Abacaxi,https://cdn.keycap-archivist.com/keycaps/2b2eaf75.jpg
caf4afb1,Azi Keycaps,Pato Puto,Gummy - Limão,https://cdn.keycap-archivist.com/keycaps/caf4afb1.jpg
de2adbea,Azi Keycaps,Pato Puto,Gummy - Blueberry,https://cdn.keycap-archivist.com/keycaps/de2adbea.jpg
7a89190a,Azi Keycaps,Pato Puto,Gummy - Tutti Frutti,https://cdn.keycap-archivist.com/keycaps/7a89190a.jpg
1ef2109e,Azi Keycaps,Pato Puto,Gummy - Uva,https://cdn.keycap-archivist.com/keycaps/1ef2109e.jpg
bb99e850,Azi Keycaps,Pato Puto,Gummy - Framboesa,https://cdn.keycap-archivist.com/keycaps/bb99e850.jpg
1fe1df00,Azi Keycaps,Pato Puto,Infected Sunset,https://cdn.keycap-archivist.com/keycaps/1fe1df00.jpg
8f235c40,Azi Keycaps,Pato Puto,Charcoal,https://cdn.keycap-archivist.com/keycaps/8f235c40.jpg
c56d004e,Azi Keycaps,Pato Puto,Slime R2,https://cdn.keycap-archivist.com/keycaps/c56d004e.jpg
112e0e25,Azi Keycaps,Pato Puto,Andy’s Room,https://cdn.keycap-archivist.com/keycaps/112e0e25.jpg
41c31d61,Azi Keycaps,Pato Puto,Pink Love,https://cdn.keycap-archivist.com/keycaps/41c31d61.jpg
ef0fb237,Azi Keycaps,Pato Puto,Shadow Banned,https://cdn.keycap-archivist.com/keycaps/ef0fb237.jpg
ee6c8b1b,Azi Keycaps,Pato Puto,Pinga Ni Mim,https://cdn.keycap-archivist.com/keycaps/ee6c8b1b.jpg
7340a6fe,Azi Keycaps,Pato Puto,Purple Dream Nebula,https://cdn.keycap-archivist.com/keycaps/7340a6fe.jpg
5c34f39b,Azi Keycaps,Pato Puto,4 Tons de Cinza,https://cdn.keycap-archivist.com/keycaps/5c34f39b.jpg
b031896f,Azi Keycaps,Pato Puto,Dark RGB - Dark Red,https://cdn.keycap-archivist.com/keycaps/b031896f.jpg
a24bf61c,Azi Keycaps,Pato Puto,Dark RGB - Dark Green,https://cdn.keycap-archivist.com/keycaps/a24bf61c.jpg
18e8b7cb,Azi Keycaps,Pato Puto,Dark RGB - Dark Blue,https://cdn.keycap-archivist.com/keycaps/18e8b7cb.jpg
1148df4f,Azi Keycaps,Pato Puto,Literally Me,https://cdn.keycap-archivist.com/keycaps/1148df4f.jpg
fd049030,Azi Keycaps,Pato Puto,Chapato,https://cdn.keycap-archivist.com/keycaps/fd049030.jpg
cc807b4,Azi Keycaps,Pato Puto,Jedi Knight,https://cdn.keycap-archivist.com/keycaps/cc807b4.jpg
5b2c8048,Azi Keycaps,Pato Puto,Isfrio Né,https://cdn.keycap-archivist.com/keycaps/5b2c8048.jpg
bfea8226,Azi Keycaps,Pato Puto,Cowe,https://cdn.keycap-archivist.com/keycaps/bfea8226.jpg
2506e28f,Azi Keycaps,Pato Puto,Swirled Nightmares,https://cdn.keycap-archivist.com/keycaps/2506e28f.jpg
ab6d7d70,Azi Keycaps,Pato Puto,Expired Christmas Candy,https://cdn.keycap-archivist.com/keycaps/ab6d7d70.jpg
cd0e94e5,Azi Keycaps,Pato Puto,Namopato,https://cdn.keycap-archivist.com/keycaps/cd0e94e5.jpg
acbf6554,Azi Keycaps,Pato Puto,Pilk Love,https://cdn.keycap-archivist.com/keycaps/acbf6554.jpg
84990b50,Azi Keycaps,Pato Puto,Polch (C),https://cdn.keycap-archivist.com/keycaps/84990b50.jpg
6bc5d1d5,Azi Keycaps,Pato Puto,Hyper Puto (C),https://cdn.keycap-archivist.com/keycaps/6bc5d1d5.jpg
f27168d8,Azi Keycaps,Pato Puto,Ninja (C),https://cdn.keycap-archivist.com/keycaps/f27168d8.jpg
a1405bdc,Azi Keycaps,Pato Puto,Dragon Fruit (C),https://cdn.keycap-archivist.com/keycaps/a1405bdc.jpg
5a4b9683,Azi Keycaps,Pato Puto,R2D2 (C),https://cdn.keycap-archivist.com/keycaps/5a4b9683.jpg
53e1acd5,Azi Keycaps,Pato Puto,Kamui (C),https://cdn.keycap-archivist.com/keycaps/53e1acd5.jpg
4e150c3a,Azi Keycaps,Pato Puto,Venom (C),https://cdn.keycap-archivist.com/keycaps/4e150c3a.jpg
92913d1c,Azi Keycaps,Pato Puto,Olivia (C),https://cdn.keycap-archivist.com/keycaps/92913d1c.jpg
d1dd0a7a,Azi Keycaps,Pato Puto,EVA-01 (C),https://cdn.keycap-archivist.com/keycaps/d1dd0a7a.jpg
113a1c66,Azi Keycaps,Pato Puto,EVA-02 (C),https://cdn.keycap-archivist.com/keycaps/113a1c66.jpg
1009a519,Azi Keycaps,Pato Puto,Ya Boy (C),https://cdn.keycap-archivist.com/keycaps/1009a519.jpg
f7c79ce9,Azi Keycaps,Pato Puto,Beige Cake,https://cdn.keycap-archivist.com/keycaps/f7c79ce9.jpg
c9b6bdf0,Azi Keycaps,Blanks,Dark RGB,https://cdn.keycap-archivist.com/keycaps/c9b6bdf0.jpg
e0feffb5,Azi Keycaps,Blanks,420/23,https://cdn.keycap-archivist.com/keycaps/e0feffb5.jpg
637102d7,Azi Keycaps,Blanks,Dark Side,https://cdn.keycap-archivist.com/keycaps/637102d7.jpg
46206792,Azi Keycaps,Blanks,Crimson,https://cdn.keycap-archivist.com/keycaps/46206792.jpg
698887d7,Azi Keycaps,Blanks,Cyan,https://cdn.keycap-archivist.com/keycaps/698887d7.jpg
