id,artist,sculpt,name,img
61e6b7f3,CYSM,​Keyby,OG,https://cdn.keycap-archivist.com/keycaps/61e6b7f3.jpg
9bb75233,CYSM,​Keyby,Green,https://cdn.keycap-archivist.com/keycaps/9bb75233.jpg
93a93e03,CYSM,​Keyby,Blue,https://cdn.keycap-archivist.com/keycaps/93a93e03.jpg
66094a90,CYSM,​Keyby,Yellow,https://cdn.keycap-archivist.com/keycaps/66094a90.jpg
9b420461,CYSM,​Keyby,Pakkūman,https://cdn.keycap-archivist.com/keycaps/9b420461.jpg
e2002dd6,CYSM,​Keyby,UGG,https://cdn.keycap-archivist.com/keycaps/e2002dd6.jpg
c4824682,CYSM,​Keyby,Chicken Little,https://cdn.keycap-archivist.com/keycaps/c4824682.jpg
2bef350,CYSM,​Keyby,#fcfcfc,https://cdn.keycap-archivist.com/keycaps/2bef350.jpg
f7c4cf0b,CYSM,​Keyby,#cfcfcf,https://cdn.keycap-archivist.com/keycaps/f7c4cf0b.jpg
44e206ad,CYSM,​Keyby,#FFFFFF,https://cdn.keycap-archivist.com/keycaps/44e206ad.jpg
2b2b8b9,CYSM,​Keyby,#999999,https://cdn.keycap-archivist.com/keycaps/2b2b8b9.jpg
f058bd6b,CYSM,​Keyby,#000000,https://cdn.keycap-archivist.com/keycaps/f058bd6b.jpg
daac44d0,CYSM,​Keyby,Mooo,https://cdn.keycap-archivist.com/keycaps/daac44d0.jpg
d712bb65,CYSM,​Keyby,Emerald Star,https://cdn.keycap-archivist.com/keycaps/d712bb65.jpg
a43de8c6,CYSM,​Keyby,Sparkly Socks,https://cdn.keycap-archivist.com/keycaps/a43de8c6.jpg
a2b82447,CYSM,​Keyby,Twinkle Toes,https://cdn.keycap-archivist.com/keycaps/a2b82447.jpg
15aefd4e,CYSM,​Keyby,Rainbow Sprinkles,https://cdn.keycap-archivist.com/keycaps/15aefd4e.jpg
7d1ebde8,CYSM,​Keyby,Merry,https://cdn.keycap-archivist.com/keycaps/7d1ebde8.jpg
528b8636,CYSM,​Keyby,Christmas,https://cdn.keycap-archivist.com/keycaps/528b8636.jpg
5c928426,CYSM,​Keyby,Jolly Spirit,https://cdn.keycap-archivist.com/keycaps/5c928426.jpg
376a3f3a,CYSM,​Keyby,Kit Katz,https://cdn.keycap-archivist.com/keycaps/376a3f3a.jpg
1ad6f341,CYSM,​Keyby,Meteorite,https://cdn.keycap-archivist.com/keycaps/1ad6f341.jpg
71bd9fd9,CYSM,​Keyby,Charcoal Grey,https://cdn.keycap-archivist.com/keycaps/71bd9fd9.jpg
3965f594,CYSM,​Keyby,Classic Blue,https://cdn.keycap-archivist.com/keycaps/3965f594.jpg
329ae93f,CYSM,​Keyby,Sweetheart,https://cdn.keycap-archivist.com/keycaps/329ae93f.jpg
a751d650,CYSM,​Keyby,Cold Hearted Bitch,https://cdn.keycap-archivist.com/keycaps/a751d650.jpg
dfbae1f7,CYSM,​Keyby,Tiffany,https://cdn.keycap-archivist.com/keycaps/dfbae1f7.jpg
7cb7c76c,CYSM,​Keyby,Council of the Dead,https://cdn.keycap-archivist.com/keycaps/7cb7c76c.jpg
8b007939,CYSM,​Keyby,Royal Invi,https://cdn.keycap-archivist.com/keycaps/8b007939.jpg
f289994,CYSM,​Keyby,Bath Bomb,https://cdn.keycap-archivist.com/keycaps/f289994.jpg
736d4c20,CYSM,​Keyby,Eggplant,https://cdn.keycap-archivist.com/keycaps/736d4c20.jpg
bb1d306a,CYSM,​Keyby,Mulberry,https://cdn.keycap-archivist.com/keycaps/bb1d306a.jpg
ccda7013,CYSM,​Keyby,Plum,https://cdn.keycap-archivist.com/keycaps/ccda7013.jpg
5219e808,CYSM,​Keyby,Mauve,https://cdn.keycap-archivist.com/keycaps/5219e808.jpg
247b5733,CYSM,​Keyby,Hibiscus,https://cdn.keycap-archivist.com/keycaps/247b5733.jpg
d6c4d3e6,CYSM,​Keyby,Milo,https://cdn.keycap-archivist.com/keycaps/d6c4d3e6.jpg
a9b36d91,CYSM,​Keyby,Algae Bloom,https://cdn.keycap-archivist.com/keycaps/a9b36d91.jpg
327ea09f,CYSM,​Keyby,Spilled Bingsu,https://cdn.keycap-archivist.com/keycaps/327ea09f.jpg
b46b28ed,CYSM,​Keyby,Dooey,https://cdn.keycap-archivist.com/keycaps/b46b28ed.jpg
53c9f709,CYSM,​Keyby,Dooey Grey Paw,https://cdn.keycap-archivist.com/keycaps/53c9f709.jpg
6e39b16e,CYSM,​Keyby,Sasha,https://cdn.keycap-archivist.com/keycaps/6e39b16e.jpg
293763a6,CYSM,​Keyby,No,https://cdn.keycap-archivist.com/keycaps/293763a6.jpg
3603ed04,CYSM,​Keyby,NoFace,https://cdn.keycap-archivist.com/keycaps/3603ed04.jpg
3a2c9b9e,CYSM,​Keyby,NoFace,https://cdn.keycap-archivist.com/keycaps/3a2c9b9e.jpg
a59356ad,CYSM,​Keyby,Towelie,https://cdn.keycap-archivist.com/keycaps/a59356ad.jpg
1930251d,CYSM,​Keyby,No Sleep,https://cdn.keycap-archivist.com/keycaps/1930251d.jpg
cc346d03,CYSM,​Keyby,Noel (Pink),https://cdn.keycap-archivist.com/keycaps/cc346d03.jpg
5cb5e2c4,CYSM,​Keyby,Noel (Blue),https://cdn.keycap-archivist.com/keycaps/5cb5e2c4.jpg
f5818e4f,CYSM,​Keyby,Noel (Blue w/ blush),https://cdn.keycap-archivist.com/keycaps/f5818e4f.jpg
829b41d0,CYSM,​Keyby,Islander,https://cdn.keycap-archivist.com/keycaps/829b41d0.jpg
23aacc37,CYSM,​Keyby,Redacted,https://cdn.keycap-archivist.com/keycaps/23aacc37.jpg
883a0e1e,CYSM,​Keyby,Redacted (Purple),https://cdn.keycap-archivist.com/keycaps/883a0e1e.jpg
c9f74cdd,CYSM,​Keyby,Redacted (Dark Brown),https://cdn.keycap-archivist.com/keycaps/c9f74cdd.jpg
a9891d87,CYSM,​Keyby,Redacted (Maroon),https://cdn.keycap-archivist.com/keycaps/a9891d87.jpg
dc04070f,CYSM,​Keyby,Redacted (Blue),https://cdn.keycap-archivist.com/keycaps/dc04070f.jpg
c9bb707e,CYSM,​Keyby,# BlackLivesMatter (Semi-Translucent),https://cdn.keycap-archivist.com/keycaps/c9bb707e.jpg
e1535775,CYSM,​Keyby,#BlackLivesMatter (Translucent Black),https://cdn.keycap-archivist.com/keycaps/e1535775.jpg
1629d8c9,CYSM,​Keyby,#BlackLivesMatter (Solid),https://cdn.keycap-archivist.com/keycaps/1629d8c9.jpg
5e3e9329,CYSM,​Keyby,Dolch & Gabbana,https://cdn.keycap-archivist.com/keycaps/5e3e9329.jpg
f211a430,CYSM,​Keyby,Gabbana & Dolch,https://cdn.keycap-archivist.com/keycaps/f211a430.jpg
f7bdf8fe,CYSM,​Keyby,Batman,https://cdn.keycap-archivist.com/keycaps/f7bdf8fe.jpg
f42b8da8,CYSM,​Keyby,Badman,https://cdn.keycap-archivist.com/keycaps/f42b8da8.jpg
253cac7f,CYSM,​Keyby,Swiss Jizz,https://cdn.keycap-archivist.com/keycaps/253cac7f.jpg
1a209628,CYSM,​Keyby,Innisfree,https://cdn.keycap-archivist.com/keycaps/1a209628.jpg
3a4e03c9,CYSM,​Keyby,Ice Bear,https://cdn.keycap-archivist.com/keycaps/3a4e03c9.jpg
960fe46d,CYSM,​Keyby,Grizzly,https://cdn.keycap-archivist.com/keycaps/960fe46d.jpg
537bcbfb,CYSM,​Keyby,Panpan,https://cdn.keycap-archivist.com/keycaps/537bcbfb.jpg
8b1a756,CYSM,​Keyby,Aye-Aye Captain,https://cdn.keycap-archivist.com/keycaps/8b1a756.jpg
cfbf1804,CYSM,​Keyby,Lvl.???,https://cdn.keycap-archivist.com/keycaps/cfbf1804.jpg
b758bf62,CYSM,​Keyby,White Rabbit,https://cdn.keycap-archivist.com/keycaps/b758bf62.jpg
5066bf6e,CYSM,​Keyby,Microsoft Azure,https://cdn.keycap-archivist.com/keycaps/5066bf6e.jpg
5e45c114,CYSM,​Keyby,ZAP!,https://cdn.keycap-archivist.com/keycaps/5e45c114.jpg
2c7d4d2a,CYSM,​Keyby,Katta,https://cdn.keycap-archivist.com/keycaps/2c7d4d2a.jpg
6cdf0502,CYSM,​Keyby,Kissa,https://cdn.keycap-archivist.com/keycaps/6cdf0502.jpg
85487b11,CYSM,​Keyby,Greasy Hand,https://cdn.keycap-archivist.com/keycaps/85487b11.jpg
a5eb4854,CYSM,​Keyby,Alfa Rioga,https://cdn.keycap-archivist.com/keycaps/a5eb4854.jpg
28e1a773,CYSM,​Keyby,Chowder,https://cdn.keycap-archivist.com/keycaps/28e1a773.jpg
143ad521,CYSM,​Keyby,Ginger Bad Man,https://cdn.keycap-archivist.com/keycaps/143ad521.jpg
8789618,CYSM,​Keyby,Rudolf,https://cdn.keycap-archivist.com/keycaps/8789618.jpg
27e9cd48,CYSM,​Keyby,Amethyst,https://cdn.keycap-archivist.com/keycaps/27e9cd48.jpg
d11186f7,CYSM,​Keyby,Quartz,https://cdn.keycap-archivist.com/keycaps/d11186f7.jpg
98b04e8a,CYSM,​Keyby,Peridot,https://cdn.keycap-archivist.com/keycaps/98b04e8a.jpg
1bb5e0d0,CYSM,​Keyby,Phantom Purple,https://cdn.keycap-archivist.com/keycaps/1bb5e0d0.jpg
6f19f6b2,CYSM,​Keyby,Phantom Green,https://cdn.keycap-archivist.com/keycaps/6f19f6b2.jpg
5918a5c1,CYSM,​Keyby,I’ll Be Okay,https://cdn.keycap-archivist.com/keycaps/5918a5c1.jpg
a2fca691,CYSM,​Keyby,Pink ‘Blank’,https://cdn.keycap-archivist.com/keycaps/a2fca691.jpg
f01d859a,CYSM,​Keyby,Blue ‘Blank’,https://cdn.keycap-archivist.com/keycaps/f01d859a.jpg
e2b66b06,CYSM,​Keyby,Green ‘Blank’,https://cdn.keycap-archivist.com/keycaps/e2b66b06.jpg
75ad181b,CYSM,​Keyby,Yellow ‘Blank’,https://cdn.keycap-archivist.com/keycaps/75ad181b.jpg
c284216a,CYSM,​Keyby,Black ‘Blank’,https://cdn.keycap-archivist.com/keycaps/c284216a.jpg
a2a12ea7,CYSM,​Keyby,Pepe,https://cdn.keycap-archivist.com/keycaps/a2a12ea7.jpg
4113cdb9,CYSM,​Keyby,Aurora,https://cdn.keycap-archivist.com/keycaps/4113cdb9.jpg
32792f5b,CYSM,​Keyby,Græn Apple,https://cdn.keycap-archivist.com/keycaps/32792f5b.jpg
62e88944,CYSM,​Keyby,Ræd Apple,https://cdn.keycap-archivist.com/keycaps/62e88944.jpg
9a13b53e,CYSM,​Keyby,Cracked Græn Apple,https://cdn.keycap-archivist.com/keycaps/9a13b53e.jpg
78ac3c44,CYSM,​Keyby,Cracked Red Apple,https://cdn.keycap-archivist.com/keycaps/78ac3c44.jpg
2099f10d,CYSM,​Keyby,Brownie,https://cdn.keycap-archivist.com/keycaps/2099f10d.jpg
9fc77972,CYSM,​Keyby,Olympian,https://cdn.keycap-archivist.com/keycaps/9fc77972.jpg
fb4fb773,CYSM,​Keyby,Dolchie,https://cdn.keycap-archivist.com/keycaps/fb4fb773.jpg
934e32f6,CYSM,​Keyby,Clifford,https://cdn.keycap-archivist.com/keycaps/934e32f6.jpg
1012ffb1,CYSM,​Keyby,T-1000,https://cdn.keycap-archivist.com/keycaps/1012ffb1.jpg
385599f,CYSM,​Keyby,Paddlepop,https://cdn.keycap-archivist.com/keycaps/385599f.jpg
1dafc644,CYSM,​Keyby,Pearly Blush,https://cdn.keycap-archivist.com/keycaps/1dafc644.jpg
6f22f4b2,CYSM,​Keyby,Pearly Lilac,https://cdn.keycap-archivist.com/keycaps/6f22f4b2.jpg
112e32ed,CYSM,​Keyby,Pearly Arctic,https://cdn.keycap-archivist.com/keycaps/112e32ed.jpg
20836997,CYSM,​Keyby,Pearly Mint,https://cdn.keycap-archivist.com/keycaps/20836997.jpg
a7b78d8c,CYSM,​Keyby,Medallion,https://cdn.keycap-archivist.com/keycaps/a7b78d8c.jpg
b4d12c6d,CYSM,​Keyby,Silver,https://cdn.keycap-archivist.com/keycaps/b4d12c6d.jpg
ecfe0799,CYSM,​Keyby,Titanium,https://cdn.keycap-archivist.com/keycaps/ecfe0799.jpg
88ab596c,CYSM,​Keyby,Saitama,https://cdn.keycap-archivist.com/keycaps/88ab596c.jpg
e39d92d5,CYSM,​Keyby,K-3PO,https://cdn.keycap-archivist.com/keycaps/e39d92d5.jpg
92fd265e,CYSM,​Keyby,Dalmatian,https://cdn.keycap-archivist.com/keycaps/92fd265e.jpg
8f6bac0e,CYSM,​Keyby,Koomin,https://cdn.keycap-archivist.com/keycaps/8f6bac0e.jpg
8908720,CYSM,​Keyby,Kelmo,https://cdn.keycap-archivist.com/keycaps/8908720.jpg
4de1f048,CYSM,​Keyby,Kookie Monster,https://cdn.keycap-archivist.com/keycaps/4de1f048.jpg
786ab074,CYSM,​Keyby,Uncle Ronald,https://cdn.keycap-archivist.com/keycaps/786ab074.jpg
1ebef62b,CYSM,​Keyby,Jason,https://cdn.keycap-archivist.com/keycaps/1ebef62b.jpg
9b0148d8,CYSM,​Keyby,Dracula,https://cdn.keycap-archivist.com/keycaps/9b0148d8.jpg
bbb13719,CYSM,​Keyby,Bad Luck Neko,https://cdn.keycap-archivist.com/keycaps/bbb13719.jpg
9bed8ddb,CYSM,​Keyby,Little Green Man,https://cdn.keycap-archivist.com/keycaps/9bed8ddb.jpg
91ca3c90,CYSM,​Keyby,Mustard Yellow,https://cdn.keycap-archivist.com/keycaps/91ca3c90.jpg
88e4f7e4,CYSM,​Keyby,Clay Red,https://cdn.keycap-archivist.com/keycaps/88e4f7e4.jpg
df6b1e06,CYSM,​Keyby,Kaya Green,https://cdn.keycap-archivist.com/keycaps/df6b1e06.jpg
881f5bca,CYSM,​Keyby,Dark Purple,https://cdn.keycap-archivist.com/keycaps/881f5bca.jpg
237c4a88,CYSM,​Keyby,Polykeybinate,https://cdn.keycap-archivist.com/keycaps/237c4a88.jpg
a5f89b2b,CYSM,​Keyby,BRG,https://cdn.keycap-archivist.com/keycaps/a5f89b2b.jpg
4e8c9914,CYSM,​Keyby,Spinel Gray,https://cdn.keycap-archivist.com/keycaps/4e8c9914.jpg
16b7ce4f,CYSM,​Keyby,Nephrite Jade,https://cdn.keycap-archivist.com/keycaps/16b7ce4f.jpg
52f9c83b,CYSM,​Keyby,Garnet Red,https://cdn.keycap-archivist.com/keycaps/52f9c83b.jpg
197e200a,CYSM,​Keyby,Frosty,https://cdn.keycap-archivist.com/keycaps/197e200a.jpg
367f1697,CYSM,​Keyby,Santa,https://cdn.keycap-archivist.com/keycaps/367f1697.jpg
4ac7f286,CYSM,​Keyby,Very Peri,https://cdn.keycap-archivist.com/keycaps/4ac7f286.jpg
9b825cdc,CYSM,​Keyby,Hariharimau,https://cdn.keycap-archivist.com/keycaps/9b825cdc.jpg
d4179892,CYSM,​Keyby,Opalized Flourite,https://cdn.keycap-archivist.com/keycaps/d4179892.jpg
7cc52144,CYSM,​Keyby,Teradrive,https://cdn.keycap-archivist.com/keycaps/7cc52144.jpg
dcef21b7,CYSM,​Keyby,Puppy Love,https://cdn.keycap-archivist.com/keycaps/dcef21b7.jpg
1e4601c6,CYSM,​Keyby,Falling in Love,https://cdn.keycap-archivist.com/keycaps/1e4601c6.jpg
3273487f,CYSM,​Keyby,Hot Love,https://cdn.keycap-archivist.com/keycaps/3273487f.jpg
11b6773c,CYSM,​Keyby,16-BIT ENTMT SYS,https://cdn.keycap-archivist.com/keycaps/11b6773c.jpg
d6d21a33,CYSM,​Keyby,Oreo Mcflurry,https://cdn.keycap-archivist.com/keycaps/d6d21a33.jpg
84126487,CYSM,​Keyby,Sus OG,https://cdn.keycap-archivist.com/keycaps/84126487.jpg
d1ed1547,CYSM,​Keyby,Floral Easter,https://cdn.keycap-archivist.com/keycaps/d1ed1547.jpg
bb1f9b02,CYSM,​Keyby,Polka Dots Easter,https://cdn.keycap-archivist.com/keycaps/bb1f9b02.jpg
b62d4d7d,CYSM,​Keyby,Pinky Jelly,https://cdn.keycap-archivist.com/keycaps/b62d4d7d.jpg
124b690a,CYSM,​Keyby,Yellow Jelly,https://cdn.keycap-archivist.com/keycaps/124b690a.jpg
992548b0,CYSM,​Keyby,Orange Jelly,https://cdn.keycap-archivist.com/keycaps/992548b0.jpg
d8eb3fdf,CYSM,​Keyby,Blue Jelly,https://cdn.keycap-archivist.com/keycaps/d8eb3fdf.jpg
3c3f972c,CYSM,​Keyby,Green Jelly,https://cdn.keycap-archivist.com/keycaps/3c3f972c.jpg
c659da8e,CYSM,​Keyby,Purple Jelly,https://cdn.keycap-archivist.com/keycaps/c659da8e.jpg
a46a965a,CYSM,​Keyby,Black Jelly,https://cdn.keycap-archivist.com/keycaps/a46a965a.jpg
c080d5ba,CYSM,​Keyby,White Jelly,https://cdn.keycap-archivist.com/keycaps/c080d5ba.jpg
655a7e31,CYSM,​Keyby,Pink,https://cdn.keycap-archivist.com/keycaps/655a7e31.jpg
3672bc82,CYSM,​Keyby,Yellow,https://cdn.keycap-archivist.com/keycaps/3672bc82.jpg
1458ca6c,CYSM,​Keyby,Orange,https://cdn.keycap-archivist.com/keycaps/1458ca6c.jpg
b36305b9,CYSM,​Keyby,Blue,https://cdn.keycap-archivist.com/keycaps/b36305b9.jpg
3facef0e,CYSM,​Keyby,Green,https://cdn.keycap-archivist.com/keycaps/3facef0e.jpg
3b738b01,CYSM,​Keyby,Purple,https://cdn.keycap-archivist.com/keycaps/3b738b01.jpg
d112a722,CYSM,​Keyby,Black,https://cdn.keycap-archivist.com/keycaps/d112a722.jpg
6a1c86ce,CYSM,​Keyby,White,https://cdn.keycap-archivist.com/keycaps/6a1c86ce.jpg
f2aba773,CYSM,​Keyby,Mixed Feeling,https://cdn.keycap-archivist.com/keycaps/f2aba773.jpg
5514cfd1,CYSM,​Keyby,Calico Neko,https://cdn.keycap-archivist.com/keycaps/5514cfd1.jpg
e8959094,CYSM,​Keyby,Tuxedo Neko,https://cdn.keycap-archivist.com/keycaps/e8959094.jpg
c7ff27b6,CYSM,​Keyby,Harlequin Neko,https://cdn.keycap-archivist.com/keycaps/c7ff27b6.jpg
c2ee76cc,CYSM,​Keyby,Pupper,https://cdn.keycap-archivist.com/keycaps/c2ee76cc.jpg
ec085e2f,CYSM,​Keyby,Shiba,https://cdn.keycap-archivist.com/keycaps/ec085e2f.jpg
8d9607bd,CYSM,​Keyby,Tabby Neko,https://cdn.keycap-archivist.com/keycaps/8d9607bd.jpg
665cbb0b,CYSM,​Keyby,Keyraemon,https://cdn.keycap-archivist.com/keycaps/665cbb0b.jpg
8d97c877,CYSM,​Keyby,Punisher,https://cdn.keycap-archivist.com/keycaps/8d97c877.jpg
ea50cb12,CYSM,​Keyby,Frankeystein,https://cdn.keycap-archivist.com/keycaps/ea50cb12.jpg
c2e5b68d,CYSM,​Keyby,Hellfire Club,https://cdn.keycap-archivist.com/keycaps/c2e5b68d.jpg
ed252bb4,CYSM,​Keyby,GREG,https://cdn.keycap-archivist.com/keycaps/ed252bb4.jpg
6508df37,CYSM,​Keyby,Elixir,https://cdn.keycap-archivist.com/keycaps/6508df37.jpg
b8978f55,CYSM,​Keyby,Elixir,https://cdn.keycap-archivist.com/keycaps/b8978f55.jpg
463fcb57,CYSM,​Keyby,Elixir,https://cdn.keycap-archivist.com/keycaps/463fcb57.jpg
5997eb81,CYSM,​Keyby,Pink Coral,https://cdn.keycap-archivist.com/keycaps/5997eb81.jpg
2358bdd6,CYSM,​Keyby,Blue Coral,https://cdn.keycap-archivist.com/keycaps/2358bdd6.jpg
492a983f,CYSM,​Keyby,Mother of Pearl Black,https://cdn.keycap-archivist.com/keycaps/492a983f.jpg
31362fe7,CYSM,​Keyby,Mother of Pearl White,https://cdn.keycap-archivist.com/keycaps/31362fe7.jpg
ecdcdd1d,CYSM,​Keyby,Basic Beige Light,https://cdn.keycap-archivist.com/keycaps/ecdcdd1d.jpg
d9a8b0c9,CYSM,​Keyby,Basic Beige Dark,https://cdn.keycap-archivist.com/keycaps/d9a8b0c9.jpg
5b64be01,CYSM,​Keyby,Basic Beige,https://cdn.keycap-archivist.com/keycaps/5b64be01.jpg
f7de581b,CYSM,​Keyby,Santa Kaws,https://cdn.keycap-archivist.com/keycaps/f7de581b.jpg
35e66294,CYSM,​Keyby,Terrazzo,https://cdn.keycap-archivist.com/keycaps/35e66294.jpg
9d2301fb,CYSM,​Keyby,Terrazzo,https://cdn.keycap-archivist.com/keycaps/9d2301fb.jpg
c0ea05c7,CYSM,​Keyby,Terrazzo,https://cdn.keycap-archivist.com/keycaps/c0ea05c7.jpg
59daf4d,CYSM,​Keyby,Terrazzo,https://cdn.keycap-archivist.com/keycaps/59daf4d.jpg
5f4d140a,CYSM,​Keyby,Zimo,https://cdn.keycap-archivist.com/keycaps/5f4d140a.jpg
9485e4f8,CYSM,​Keyby,Zimo,https://cdn.keycap-archivist.com/keycaps/9485e4f8.jpg
8472b56b,CYSM,​Keyby,Zimo,https://cdn.keycap-archivist.com/keycaps/8472b56b.jpg
88c30ae7,CYSM,​Keyby,Zimo,https://cdn.keycap-archivist.com/keycaps/88c30ae7.jpg
f70d4eb6,CYSM,​Keyby,Zimo,https://cdn.keycap-archivist.com/keycaps/f70d4eb6.jpg
a07c6f7e,CYSM,​Keyby,Zimo,https://cdn.keycap-archivist.com/keycaps/a07c6f7e.jpg
bf1f1e46,CYSM,​Keyby,Zimo,https://cdn.keycap-archivist.com/keycaps/bf1f1e46.jpg
df942626,CYSM,​Keyby,Viva Magenta,https://cdn.keycap-archivist.com/keycaps/df942626.jpg
d42dda9,CYSM,​Keyby,La Calavera,https://cdn.keycap-archivist.com/keycaps/d42dda9.jpg
346e226b,CYSM,​Keyby,La Calavera,https://cdn.keycap-archivist.com/keycaps/346e226b.jpg
5d905a25,CYSM,​Keyby,La Calavera,https://cdn.keycap-archivist.com/keycaps/5d905a25.jpg
289db064,CYSM,​Keyby,La Calavera,https://cdn.keycap-archivist.com/keycaps/289db064.jpg
45d19204,CYSM,​Keyby,Mayby Orange,https://cdn.keycap-archivist.com/keycaps/45d19204.jpg
f9aafe3d,CYSM,​Keyby,Mayby Green,https://cdn.keycap-archivist.com/keycaps/f9aafe3d.jpg
19b102c1,CYSM,​Keyby,Mayby Yellow,https://cdn.keycap-archivist.com/keycaps/19b102c1.jpg
5d7d07c4,CYSM,​Keyby,Mayby Blue,https://cdn.keycap-archivist.com/keycaps/5d7d07c4.jpg
6d61403a,CYSM,​Keyby,Mayby Purple,https://cdn.keycap-archivist.com/keycaps/6d61403a.jpg
1f6403ff,CYSM,‏‏‎‎Booo,Shiro,https://cdn.keycap-archivist.com/keycaps/1f6403ff.jpg
15316e2c,CYSM,‏‏‎‎Booo,Kuro,https://cdn.keycap-archivist.com/keycaps/15316e2c.jpg
4fd2043b,CYSM,‏‏‎‎Booo,Test Subject (Day 1),https://cdn.keycap-archivist.com/keycaps/4fd2043b.jpg
bd26b678,CYSM,‏‏‎‎Booo,Test Subject (Day 2),https://cdn.keycap-archivist.com/keycaps/bd26b678.jpg
54ac73ee,CYSM,‏‏‎‎Booo,Vanilla,https://cdn.keycap-archivist.com/keycaps/54ac73ee.jpg
55c887d2,CYSM,‏‏‎‎Booo,Salmon,https://cdn.keycap-archivist.com/keycaps/55c887d2.jpg
15366395,CYSM,‏‏‎‎Booo,Australian Beef,https://cdn.keycap-archivist.com/keycaps/15366395.jpg
1d47e19f,CYSM,‏‏‎‎Booo,Nantes Carrot,https://cdn.keycap-archivist.com/keycaps/1d47e19f.jpg
f1704640,CYSM,‏‏‎‎Booo,Mustard,https://cdn.keycap-archivist.com/keycaps/f1704640.jpg
98177c57,CYSM,‏‏‎‎Booo,Jalapeño Pepper,https://cdn.keycap-archivist.com/keycaps/98177c57.jpg
c8b57839,CYSM,‏‏‎‎Booo,Sky Juice,https://cdn.keycap-archivist.com/keycaps/c8b57839.jpg
fbb846d6,CYSM,‏‏‎‎Booo,Pulut Taitai,https://cdn.keycap-archivist.com/keycaps/fbb846d6.jpg
4cb72d5d,CYSM,‏‏‎‎Booo,Purple Cabbage,https://cdn.keycap-archivist.com/keycaps/4cb72d5d.jpg
2170c576,CYSM,‏‏‎‎Booo,Reality Stone,https://cdn.keycap-archivist.com/keycaps/2170c576.jpg
62278c83,CYSM,‏‏‎‎Booo,Soul Stone,https://cdn.keycap-archivist.com/keycaps/62278c83.jpg
f88dca67,CYSM,‏‏‎‎Booo,Mind Stone,https://cdn.keycap-archivist.com/keycaps/f88dca67.jpg
ecd7f448,CYSM,‏‏‎‎Booo,Space Stone,https://cdn.keycap-archivist.com/keycaps/ecd7f448.jpg
e117304a,CYSM,‏‏‎‎Booo,Power Stone,https://cdn.keycap-archivist.com/keycaps/e117304a.jpg
7a3764ce,CYSM,‏‏‎‎Booo,Time Stone,https://cdn.keycap-archivist.com/keycaps/7a3764ce.jpg
5118443f,CYSM,‏‏‎‎Booo,Pika-Booo,https://cdn.keycap-archivist.com/keycaps/5118443f.jpg
1236b941,CYSM,‏‏‎‎Booo,Herbivore,https://cdn.keycap-archivist.com/keycaps/1236b941.jpg
5e1b5e68,CYSM,‏‏‎‎Booo,Mary Wanna,https://cdn.keycap-archivist.com/keycaps/5e1b5e68.jpg
26947e4a,CYSM,‏‏‎‎Booo,Water Malone,https://cdn.keycap-archivist.com/keycaps/26947e4a.jpg
54ed1199,CYSM,‏‏‎‎Booo,Bone Boi,https://cdn.keycap-archivist.com/keycaps/54ed1199.jpg
3d4ad382,CYSM,‏‏‎‎Booo,Boojo Jojo,https://cdn.keycap-archivist.com/keycaps/3d4ad382.jpg
97a175d7,CYSM,‏‏‎‎Booo,Finn-a Do It,https://cdn.keycap-archivist.com/keycaps/97a175d7.jpg
3ba4ecbc,CYSM,‏‏‎‎Booo,Stupid Dog,https://cdn.keycap-archivist.com/keycaps/3ba4ecbc.jpg
a0ccde11,CYSM,‏‏‎‎Booo,You’re a Keycap!! Harry,https://cdn.keycap-archivist.com/keycaps/a0ccde11.jpg
d3598c82,CYSM,‏‏‎‎Booo,Eggooo,https://cdn.keycap-archivist.com/keycaps/d3598c82.jpg
7331b612,CYSM,‏‏‎‎Booo,ABooocado,https://cdn.keycap-archivist.com/keycaps/7331b612.jpg
b82a1379,CYSM,‏‏‎‎Booo,Goddess,https://cdn.keycap-archivist.com/keycaps/b82a1379.jpg
5617a905,CYSM,‏‏‎‎Booo,True Face,https://cdn.keycap-archivist.com/keycaps/5617a905.jpg
d73e14a8,CYSM,‏‏‎‎Booo,Use Splash!,https://cdn.keycap-archivist.com/keycaps/d73e14a8.jpg
a3ab86dd,CYSM,‏‏‎‎Booo,Aku,https://cdn.keycap-archivist.com/keycaps/a3ab86dd.jpg
78da1e4a,CYSM,‏‏‎‎Booo,Crystal Meth,https://cdn.keycap-archivist.com/keycaps/78da1e4a.jpg
5cfe34f3,CYSM,‏‏‎‎Booo,Starburst Universe,https://cdn.keycap-archivist.com/keycaps/5cfe34f3.jpg
cfc6f2de,CYSM,‏‏‎‎Booo,Spirited Away,https://cdn.keycap-archivist.com/keycaps/cfc6f2de.jpg
ffca5287,CYSM,‏‏‎‎Booo,No Face,https://cdn.keycap-archivist.com/keycaps/ffca5287.jpg
a3d82a56,CYSM,‏‏‎‎Booo,No Face,https://cdn.keycap-archivist.com/keycaps/a3d82a56.jpg
a1c160fa,CYSM,‏‏‎‎Booo,No Face,https://cdn.keycap-archivist.com/keycaps/a1c160fa.jpg
afe9f686,CYSM,‏‏‎‎Booo,Switch!,https://cdn.keycap-archivist.com/keycaps/afe9f686.jpg
5eb0c7c4,CYSM,‏‏‎‎Booo,Shattered Troubled Mind,https://cdn.keycap-archivist.com/keycaps/5eb0c7c4.jpg
c16dce2,CYSM,‏‏‎‎Booo,Rainbow Vomit,https://cdn.keycap-archivist.com/keycaps/c16dce2.jpg
ee0e0ddf,CYSM,‏‏‎‎Booo,Bauhaus,https://cdn.keycap-archivist.com/keycaps/ee0e0ddf.jpg
9e8ff1b2,CYSM,‏‏‎‎Booo,Bon-Booo,https://cdn.keycap-archivist.com/keycaps/9e8ff1b2.jpg
d3828d85,CYSM,‏‏‎‎Booo,3 Hole Punch,https://cdn.keycap-archivist.com/keycaps/d3828d85.jpg
263c6567,CYSM,‏‏‎‎Booo,Cracked Face,https://cdn.keycap-archivist.com/keycaps/263c6567.jpg
1858db92,CYSM,‏‏‎‎Booo,Tiger-Booo,https://cdn.keycap-archivist.com/keycaps/1858db92.jpg
76e78c3f,CYSM,‏‏‎‎Booo,SG Command & Conquer,https://cdn.keycap-archivist.com/keycaps/76e78c3f.jpg
bab503c3,CYSM,‏‏‎‎Booo,Singaboo,https://cdn.keycap-archivist.com/keycaps/bab503c3.jpg
83939d5a,CYSM,‏‏‎‎Booo,OK Google,https://cdn.keycap-archivist.com/keycaps/83939d5a.jpg
2361c4f,CYSM,‏‏‎‎Booo,Pastel Dream,https://cdn.keycap-archivist.com/keycaps/2361c4f.jpg
176f5757,CYSM,‏‏‎‎Booo,Blizzard,https://cdn.keycap-archivist.com/keycaps/176f5757.jpg
54e96f5d,CYSM,‏‏‎‎Booo,6ix9ine,https://cdn.keycap-archivist.com/keycaps/54e96f5d.jpg
ea4d62b6,CYSM,‏‏‎‎Booo,Blood Rites,https://cdn.keycap-archivist.com/keycaps/ea4d62b6.jpg
65ff64bf,CYSM,‏‏‎‎Booo,Syaitanma,https://cdn.keycap-archivist.com/keycaps/65ff64bf.jpg
4249080a,CYSM,‏‏‎‎Booo,Pure Face,https://cdn.keycap-archivist.com/keycaps/4249080a.jpg
5a31e5a5,CYSM,‏‏‎‎Booo,Fresh Mint,https://cdn.keycap-archivist.com/keycaps/5a31e5a5.jpg
268419fa,CYSM,‏‏‎‎Booo,Spearmint,https://cdn.keycap-archivist.com/keycaps/268419fa.jpg
bc885f84,CYSM,‏‏‎‎Booo,Pinky,https://cdn.keycap-archivist.com/keycaps/bc885f84.jpg
e2cf7c2a,CYSM,‏‏‎‎Booo,Inky,https://cdn.keycap-archivist.com/keycaps/e2cf7c2a.jpg
71f23a03,CYSM,‏‏‎‎Booo,Clyde,https://cdn.keycap-archivist.com/keycaps/71f23a03.jpg
5126d124,CYSM,‏‏‎‎Booo,Blinky,https://cdn.keycap-archivist.com/keycaps/5126d124.jpg
b047ac25,CYSM,‏‏‎‎Booo,Yin Yang,https://cdn.keycap-archivist.com/keycaps/b047ac25.jpg
8eb92d0a,CYSM,‏‏‎‎Booo,NaCl,https://cdn.keycap-archivist.com/keycaps/8eb92d0a.jpg
fdc61f54,CYSM,‏‏‎‎Booo,Rainbow Sherbet,https://cdn.keycap-archivist.com/keycaps/fdc61f54.jpg
d004206,CYSM,‏‏‎‎Booo,Mooo Booo,https://cdn.keycap-archivist.com/keycaps/d004206.jpg
d27baaeb,CYSM,‏‏‎‎Booo,Classic Blue,https://cdn.keycap-archivist.com/keycaps/d27baaeb.jpg
3fbfc97b,CYSM,‏‏‎‎Booo,Tiffany,https://cdn.keycap-archivist.com/keycaps/3fbfc97b.jpg
5aa87d87,CYSM,‏‏‎‎Booo,Sweetheart,https://cdn.keycap-archivist.com/keycaps/5aa87d87.jpg
1a70caa8,CYSM,‏‏‎‎Booo,Cold Hearted Bitch,https://cdn.keycap-archivist.com/keycaps/1a70caa8.jpg
18f769cf,CYSM,‏‏‎‎Booo,Senget Sweetheart,https://cdn.keycap-archivist.com/keycaps/18f769cf.jpg
1675dcb9,CYSM,‏‏‎‎Booo,Senget Cold Hearted Bitch,https://cdn.keycap-archivist.com/keycaps/1675dcb9.jpg
c99cefc0,CYSM,‏‏‎‎Booo,Halo,https://cdn.keycap-archivist.com/keycaps/c99cefc0.jpg
7e33b847,CYSM,‏‏‎‎Booo,Council of the Dead,https://cdn.keycap-archivist.com/keycaps/7e33b847.jpg
fcf8703a,CYSM,‏‏‎‎Booo,Bath Bomb,https://cdn.keycap-archivist.com/keycaps/fcf8703a.jpg
df36e9d8,CYSM,‏‏‎‎Booo,Eggplant,https://cdn.keycap-archivist.com/keycaps/df36e9d8.jpg
bc1aaf64,CYSM,‏‏‎‎Booo,Mulberry,https://cdn.keycap-archivist.com/keycaps/bc1aaf64.jpg
7c747a21,CYSM,‏‏‎‎Booo,Plum,https://cdn.keycap-archivist.com/keycaps/7c747a21.jpg
ee3c8fed,CYSM,‏‏‎‎Booo,Mauve,https://cdn.keycap-archivist.com/keycaps/ee3c8fed.jpg
385e1178,CYSM,‏‏‎‎Booo,Hibiscus,https://cdn.keycap-archivist.com/keycaps/385e1178.jpg
593aa5d0,CYSM,‏‏‎‎Booo,Milo Kaw,https://cdn.keycap-archivist.com/keycaps/593aa5d0.jpg
51c2f81b,CYSM,‏‏‎‎Booo,Milo,https://cdn.keycap-archivist.com/keycaps/51c2f81b.jpg
f8be5e2f,CYSM,‏‏‎‎Booo,Dawn,https://cdn.keycap-archivist.com/keycaps/f8be5e2f.jpg
6f53ac99,CYSM,‏‏‎‎Booo,Dusk,https://cdn.keycap-archivist.com/keycaps/6f53ac99.jpg
4f92a28,CYSM,‏‏‎‎Booo,Pink x Noel,https://cdn.keycap-archivist.com/keycaps/4f92a28.jpg
28c726d3,CYSM,‏‏‎‎Booo,Blue x Noel,https://cdn.keycap-archivist.com/keycaps/28c726d3.jpg
4799639a,CYSM,‏‏‎‎Booo,Crayon Splatter,https://cdn.keycap-archivist.com/keycaps/4799639a.jpg
5983cd01,CYSM,‏‏‎‎Booo,Islander,https://cdn.keycap-archivist.com/keycaps/5983cd01.jpg
d7b7f193,CYSM,‏‏‎‎Booo,Dolch & Gabbana,https://cdn.keycap-archivist.com/keycaps/d7b7f193.jpg
4db35c06,CYSM,‏‏‎‎Booo,Innisfree,https://cdn.keycap-archivist.com/keycaps/4db35c06.jpg
730d96cd,CYSM,‏‏‎‎Booo,Aye-Aye Captain,https://cdn.keycap-archivist.com/keycaps/730d96cd.jpg
9f23cd1b,CYSM,‏‏‎‎Booo,Lvl.???,https://cdn.keycap-archivist.com/keycaps/9f23cd1b.jpg
f2a7a1b2,CYSM,‏‏‎‎Booo,White Rabbit,https://cdn.keycap-archivist.com/keycaps/f2a7a1b2.jpg
eb8560d3,CYSM,‏‏‎‎Booo,Greasy Hand,https://cdn.keycap-archivist.com/keycaps/eb8560d3.jpg
37cfd9f9,CYSM,‏‏‎‎Booo,Alfa Rioga,https://cdn.keycap-archivist.com/keycaps/37cfd9f9.jpg
264691c0,CYSM,‏‏‎‎Booo,Ginger Bad Man,https://cdn.keycap-archivist.com/keycaps/264691c0.jpg
57465dd5,CYSM,‏‏‎‎Booo,Lord Alien,https://cdn.keycap-archivist.com/keycaps/57465dd5.jpg
e13f7e91,CYSM,‏‏‎‎Booo,Aurora,https://cdn.keycap-archivist.com/keycaps/e13f7e91.jpg
9520a314,CYSM,‏‏‎‎Booo,Sparkling Sky Juice,https://cdn.keycap-archivist.com/keycaps/9520a314.jpg
fe4e8255,CYSM,‏‏‎‎Booo,Græn Apple,https://cdn.keycap-archivist.com/keycaps/fe4e8255.jpg
45378dc8,CYSM,‏‏‎‎Booo,Ræd Apple,https://cdn.keycap-archivist.com/keycaps/45378dc8.jpg
75a8d61c,CYSM,‏‏‎‎Booo,Cracked Græn Apple,https://cdn.keycap-archivist.com/keycaps/75a8d61c.jpg
ab020359,CYSM,‏‏‎‎Booo,Cracked Ræd Apple,https://cdn.keycap-archivist.com/keycaps/ab020359.jpg
a49c25bb,CYSM,‏‏‎‎Booo,Olympian,https://cdn.keycap-archivist.com/keycaps/a49c25bb.jpg
69b5ae04,CYSM,‏‏‎‎Booo,Dolchie,https://cdn.keycap-archivist.com/keycaps/69b5ae04.jpg
89fb0b7f,CYSM,‏‏‎‎Booo,Clifford,https://cdn.keycap-archivist.com/keycaps/89fb0b7f.jpg
a358c526,CYSM,‏‏‎‎Booo,Pearly Blush,https://cdn.keycap-archivist.com/keycaps/a358c526.jpg
ed9d3a45,CYSM,‏‏‎‎Booo,Pearly Lilac,https://cdn.keycap-archivist.com/keycaps/ed9d3a45.jpg
2fa84f89,CYSM,‏‏‎‎Booo,Pearly Arctic,https://cdn.keycap-archivist.com/keycaps/2fa84f89.jpg
8768e240,CYSM,‏‏‎‎Booo,Pearly Mint,https://cdn.keycap-archivist.com/keycaps/8768e240.jpg
f276840f,CYSM,‏‏‎‎Booo,Very Peri,https://cdn.keycap-archivist.com/keycaps/f276840f.jpg
b4997c41,CYSM,‏‏‎‎Booo,Teradrive,https://cdn.keycap-archivist.com/keycaps/b4997c41.jpg
3fe49740,CYSM,‏‏‎‎Booo,16-BIT ENTMT SYS,https://cdn.keycap-archivist.com/keycaps/3fe49740.jpg
94b78b5,CYSM,‏‏‎‎Booo,Pink Coral,https://cdn.keycap-archivist.com/keycaps/94b78b5.jpg
7cfdafe2,CYSM,‏‏‎‎Booo,Blue Coral,https://cdn.keycap-archivist.com/keycaps/7cfdafe2.jpg
c50b333a,CYSM,‏‏‎‎Booo,Mother of Pearl Black,https://cdn.keycap-archivist.com/keycaps/c50b333a.jpg
34318f88,CYSM,‏‏‎‎Booo,Mother of Pearl White,https://cdn.keycap-archivist.com/keycaps/34318f88.jpg
332967c7,CYSM,‏‏‎‎Booo,Viva Magenta,https://cdn.keycap-archivist.com/keycaps/332967c7.jpg
70087c8e,CYSM,‏‏‎ ‎Olifu,OG Spanish,https://cdn.keycap-archivist.com/keycaps/70087c8e.jpg
67a692bc,CYSM,‏‏‎ ‎Olifu,Black,https://cdn.keycap-archivist.com/keycaps/67a692bc.jpg
3e327ce9,CYSM,‏‏‎ ‎Olifu,Green,https://cdn.keycap-archivist.com/keycaps/3e327ce9.jpg
10316e6e,CYSM,‏‏‎ ‎Olifu,Tokyo2020,https://cdn.keycap-archivist.com/keycaps/10316e6e.jpg
779e41ab,CYSM,‏‏‎ ‎Olifu,Natural Sophistication,https://cdn.keycap-archivist.com/keycaps/779e41ab.jpg
6698ac02,CYSM,‏‏‎ ‎Olifu,Yoga Meditation,https://cdn.keycap-archivist.com/keycaps/6698ac02.jpg
51648ea3,CYSM,‏‏‎ ‎Olifu,Classic Blue,https://cdn.keycap-archivist.com/keycaps/51648ea3.jpg
88af14bf,CYSM,‏‏‎ ‎Olifu,Islander,https://cdn.keycap-archivist.com/keycaps/88af14bf.jpg
7e41bfcf,CYSM,‏‏‎ ‎Olifu,Ice Age,https://cdn.keycap-archivist.com/keycaps/7e41bfcf.jpg
d192738,CYSM,‏‏‎ ‎Olifu,Santa Ana Volcano,https://cdn.keycap-archivist.com/keycaps/d192738.jpg
3373cab9,CYSM,‏‏‎ ‎Olifu,Supervolcano,https://cdn.keycap-archivist.com/keycaps/3373cab9.jpg
f2ff5044,CYSM,‏‏‎ ‎Olifu,Hotpot Shabu Shabu,https://cdn.keycap-archivist.com/keycaps/f2ff5044.jpg
642c9961,CYSM,‏‏‎ ‎Olifu,Red Hanami Dango,https://cdn.keycap-archivist.com/keycaps/642c9961.jpg
2379c315,CYSM,‏‏‎ ‎Olifu,White Hanami Dango,https://cdn.keycap-archivist.com/keycaps/2379c315.jpg
701bde58,CYSM,‏‏‎ ‎Olifu,Green Hanami Dango,https://cdn.keycap-archivist.com/keycaps/701bde58.jpg
b73645f7,CYSM,‏‏‎ ‎Olifu,Innisfree,https://cdn.keycap-archivist.com/keycaps/b73645f7.jpg
3c62c558,CYSM,‏‏‎ ‎Olifu,White Rabbit,https://cdn.keycap-archivist.com/keycaps/3c62c558.jpg
4b5f1f47,CYSM,‏‏‎ ‎Olifu,Greasy Hands,https://cdn.keycap-archivist.com/keycaps/4b5f1f47.jpg
f53c2f11,CYSM,‏‏‎ ‎Olifu,Alfa Rioga,https://cdn.keycap-archivist.com/keycaps/f53c2f11.jpg
105d883,CYSM,‏‏‎ ‎Olifu,Aurora,https://cdn.keycap-archivist.com/keycaps/105d883.jpg
6af78f9a,CYSM,‏‏‎ ‎Olifu,Amethyst,https://cdn.keycap-archivist.com/keycaps/6af78f9a.jpg
5d3724c6,CYSM,‏‏‎ ‎Olifu,Quartz,https://cdn.keycap-archivist.com/keycaps/5d3724c6.jpg
b43767d,CYSM,‏‏‎ ‎Olifu,Peridot,https://cdn.keycap-archivist.com/keycaps/b43767d.jpg
da17fc0b,CYSM,‏‏‎ ‎Olifu,Purple Dash,https://cdn.keycap-archivist.com/keycaps/da17fc0b.jpg
57e7f903,CYSM,‏‏‎ ‎Olifu,Graen Apple,https://cdn.keycap-archivist.com/keycaps/57e7f903.jpg
dd132a46,CYSM,‏‏‎ ‎Olifu,Raed Apple,https://cdn.keycap-archivist.com/keycaps/dd132a46.jpg
820fac90,CYSM,‏‏‎ ‎Olifu,Olympian,https://cdn.keycap-archivist.com/keycaps/820fac90.jpg
11f75a0f,CYSM,‏‏‎ ‎Olifu,Dolchie,https://cdn.keycap-archivist.com/keycaps/11f75a0f.jpg
ec9ea854,CYSM,‏‏‎ ‎Olifu,Very Peri,https://cdn.keycap-archivist.com/keycaps/ec9ea854.jpg
721eded8,CYSM,‏‏‎ ‎Olifu,Teradrive,https://cdn.keycap-archivist.com/keycaps/721eded8.jpg
fe74654,CYSM,‏‏‎ ‎Olifu,16-BIT ENTMT SYS,https://cdn.keycap-archivist.com/keycaps/fe74654.jpg
a091a002,CYSM,‏‏‎ ‎Olifu,Pink Coral,https://cdn.keycap-archivist.com/keycaps/a091a002.jpg
5aee1d60,CYSM,‏‏‎ ‎Olifu,Blue Coral,https://cdn.keycap-archivist.com/keycaps/5aee1d60.jpg
5d1b8d68,CYSM,‏‏‎ ‎Olifu,Viva Magenta,https://cdn.keycap-archivist.com/keycaps/5d1b8d68.jpg
482c6f19,CYSM,‏‏‏‎ ‎‎Luna,Full Moon,https://cdn.keycap-archivist.com/keycaps/482c6f19.jpg
6a02170b,CYSM,‏‏‏‎ ‎‎Luna,New Moon,https://cdn.keycap-archivist.com/keycaps/6a02170b.jpg
7db29673,CYSM,‏‏‏‎ ‎‎Luna,Very Peri,https://cdn.keycap-archivist.com/keycaps/7db29673.jpg
9c825903,CYSM,‏‏‏‎ ‎‎Luna,Teradrive,https://cdn.keycap-archivist.com/keycaps/9c825903.jpg
96eb977b,CYSM,‏‏‏‎ ‎‎Luna,16-BIT ENTMT SYS,https://cdn.keycap-archivist.com/keycaps/96eb977b.jpg
6cc2eca5,CYSM,‏‏‏‎ ‎‎Luna,Pink Coral,https://cdn.keycap-archivist.com/keycaps/6cc2eca5.jpg
d70415df,CYSM,‏‏‏‎ ‎‎Luna,Blue Coral,https://cdn.keycap-archivist.com/keycaps/d70415df.jpg
2dcc7ce7,CYSM,‏‏‏‎ BITE,Love,https://cdn.keycap-archivist.com/keycaps/2dcc7ce7.jpg
7cfa5b48,CYSM,‏‏‏‎ BITE,Killa Whale,https://cdn.keycap-archivist.com/keycaps/7cfa5b48.jpg
d78f147,CYSM,‏‏‏‎ BITE,Rubber Hose,https://cdn.keycap-archivist.com/keycaps/d78f147.jpg
37c0b12d,CYSM,‏‏‏‎ BITE,Albinism,https://cdn.keycap-archivist.com/keycaps/37c0b12d.jpg
2cbd861e,CYSM,‏‏‎ ‎Boba,OG,https://cdn.keycap-archivist.com/keycaps/2cbd861e.jpg
a1d3163f,CYSM,‏‏‎ ‎Boba,Matcha,https://cdn.keycap-archivist.com/keycaps/a1d3163f.jpg
54dc60b2,CYSM,‏‏‎ ‎Boba,Honey,https://cdn.keycap-archivist.com/keycaps/54dc60b2.jpg
c8bb9da1,CYSM,‏‏‎ ‎Boba,Strawberry,https://cdn.keycap-archivist.com/keycaps/c8bb9da1.jpg
c9775703,CYSM,‏‏‎ ‎Boba,Taro,https://cdn.keycap-archivist.com/keycaps/c9775703.jpg
a935a5a6,CYSM,‏‏‎ ‎Boba,Blissful,https://cdn.keycap-archivist.com/keycaps/a935a5a6.jpg
a8c8188a,CYSM,‏‏‎ ‎Boba,Classic Blue,https://cdn.keycap-archivist.com/keycaps/a8c8188a.jpg
74db9ac,CYSM,‏‏‎ ‎Boba,Tiffany,https://cdn.keycap-archivist.com/keycaps/74db9ac.jpg
ce3544f1,CYSM,‏‏‎ ‎Boba,Bath Bomb,https://cdn.keycap-archivist.com/keycaps/ce3544f1.jpg
9e5e3efe,CYSM,‏‏‎ ‎Boba,Milo,https://cdn.keycap-archivist.com/keycaps/9e5e3efe.jpg
b736da6,CYSM,‏‏‎ ‎Boba,Algae Bloom,https://cdn.keycap-archivist.com/keycaps/b736da6.jpg
d102df8a,CYSM,‏‏‎ ‎Boba,Spilled Bingsu,https://cdn.keycap-archivist.com/keycaps/d102df8a.jpg
d2da65d5,CYSM,‏‏‎ ‎Boba,Noel,https://cdn.keycap-archivist.com/keycaps/d2da65d5.jpg
addb3c99,CYSM,‏‏‎ ‎Boba,Islander,https://cdn.keycap-archivist.com/keycaps/addb3c99.jpg
47c2ee71,CYSM,‏‏‎ ‎Boba,Dolch & Gabbana,https://cdn.keycap-archivist.com/keycaps/47c2ee71.jpg
6d32a4f8,CYSM,‏‏‎ ‎Boba,White Rabbit,https://cdn.keycap-archivist.com/keycaps/6d32a4f8.jpg
bef71c,CYSM,‏‏‎ ‎Boba,Greasy Hand,https://cdn.keycap-archivist.com/keycaps/bef71c.jpg
9179345a,CYSM,‏‏‎ ‎Boba,Alfa Rioga,https://cdn.keycap-archivist.com/keycaps/9179345a.jpg
b8e08377,CYSM,‏‏‎ ‎Boba,Dolchie,https://cdn.keycap-archivist.com/keycaps/b8e08377.jpg
43a742f1,CYSM,‏‏‎ ‎Boba,Nordic Sea Grey,https://cdn.keycap-archivist.com/keycaps/43a742f1.jpg
47eaf8ce,CYSM,‏‏‎ ‎Boba,Ocean Foam,https://cdn.keycap-archivist.com/keycaps/47eaf8ce.jpg
63f2ba0b,CYSM,‏‏‎ ‎Boba,Ocean during Dawn,https://cdn.keycap-archivist.com/keycaps/63f2ba0b.jpg
84f10990,CYSM,‏‏‎ ‎Boba,Tahitian Reef,https://cdn.keycap-archivist.com/keycaps/84f10990.jpg
26bd926f,CYSM,‏‏‎ ‏‏‎ ‎‎Lickiton,Banana,https://cdn.keycap-archivist.com/keycaps/26bd926f.jpg
93d5dc0b,CYSM,‏‏‎ ‏‏‎ ‎‎Lickiton,Mint,https://cdn.keycap-archivist.com/keycaps/93d5dc0b.jpg
178eac7f,CYSM,‏‏‎ ‏‏‎ ‎‎Lickiton,Blueberry,https://cdn.keycap-archivist.com/keycaps/178eac7f.jpg
af9744b6,CYSM,‏‏‎ ‏‏‎ ‎‎Lickiton,Yam,https://cdn.keycap-archivist.com/keycaps/af9744b6.jpg
3270f950,CYSM,‏‏‎ ‏‏‎ ‎‎Lickiton,Strawberry,https://cdn.keycap-archivist.com/keycaps/3270f950.jpg
1f3e5c74,CYSM,‏‏‎ ‏‏‎ ‎‎Lickiton,Starry,https://cdn.keycap-archivist.com/keycaps/1f3e5c74.jpg
cd7d33fe,CYSM,‏‏‎ ‏‏‎ ‎‎Lickiton,Bunga,https://cdn.keycap-archivist.com/keycaps/cd7d33fe.jpg
8c0e3f7a,CYSM,‏‏‎ ‏‏‎ ‎‎Lickiton,Rumput,https://cdn.keycap-archivist.com/keycaps/8c0e3f7a.jpg
3fbca7e8,CYSM,‏‏‎ ‏‏‎ ‎‎Lickiton,Vanilla,https://cdn.keycap-archivist.com/keycaps/3fbca7e8.jpg
46040c64,CYSM,‏‏‎ ‏‏‎ ‎‎Lickiton,Salmon,https://cdn.keycap-archivist.com/keycaps/46040c64.jpg
bd2a2588,CYSM,‏‏‎ ‏‏‎ ‎‎Lickiton,Australian Beef,https://cdn.keycap-archivist.com/keycaps/bd2a2588.jpg
f65ecbb1,CYSM,‏‏‎ ‏‏‎ ‎‎Lickiton,Nantes Carrot,https://cdn.keycap-archivist.com/keycaps/f65ecbb1.jpg
269db83d,CYSM,‏‏‎ ‏‏‎ ‎‎Lickiton,Mustard,https://cdn.keycap-archivist.com/keycaps/269db83d.jpg
e6ad8fca,CYSM,‏‏‎ ‏‏‎ ‎‎Lickiton,Jalapeño Pepper,https://cdn.keycap-archivist.com/keycaps/e6ad8fca.jpg
e1e77377,CYSM,‏‏‎ ‏‏‎ ‎‎Lickiton,Sky Juice,https://cdn.keycap-archivist.com/keycaps/e1e77377.jpg
3584935d,CYSM,‏‏‎ ‏‏‎ ‎‎Lickiton,Pulut Taitai,https://cdn.keycap-archivist.com/keycaps/3584935d.jpg
58a80af5,CYSM,‏‏‎ ‏‏‎ ‎‎Lickiton,Purple Cabbage,https://cdn.keycap-archivist.com/keycaps/58a80af5.jpg
683faad5,CYSM,‏‏‎ ‏‏‎ ‎‎Lickiton,No Face,https://cdn.keycap-archivist.com/keycaps/683faad5.jpg
e3f14f82,CYSM,‏‏‎ ‏‏‎ ‎‎Lickiton,No Face,https://cdn.keycap-archivist.com/keycaps/e3f14f82.jpg
1dd7069,CYSM,‏‏‎ ‏‏‎ ‎‎Lickiton,No Face,https://cdn.keycap-archivist.com/keycaps/1dd7069.jpg
ef6089,CYSM,‏‏‎ ‏‏‎ ‎‎Lickiton,Marbled,https://cdn.keycap-archivist.com/keycaps/ef6089.jpg
4b755feb,CYSM,‏‏‎ ‏‏‎ ‎‎Lickiton,Crystal Meth,https://cdn.keycap-archivist.com/keycaps/4b755feb.jpg
bc61d05f,CYSM,‏‏‎ ‏‏‎ ‎‎Lickiton,Glitter,https://cdn.keycap-archivist.com/keycaps/bc61d05f.jpg
eaa5ea12,CYSM,‏‏‎ ‏‏‎ ‎‎Lickiton,Classic Blue,https://cdn.keycap-archivist.com/keycaps/eaa5ea12.jpg
6464d1c2,CYSM,‏‏‎ ‏‏‎ ‎‎Noic,Vanilla,https://cdn.keycap-archivist.com/keycaps/6464d1c2.jpg
7b83eb9d,CYSM,‏‏‎ ‏‏‎ ‎‎Noic,Salmon,https://cdn.keycap-archivist.com/keycaps/7b83eb9d.jpg
a2692188,CYSM,‏‏‎ ‏‏‎ ‎‎Noic,Australian Beef,https://cdn.keycap-archivist.com/keycaps/a2692188.jpg
f24c0868,CYSM,‏‏‎ ‏‏‎ ‎‎Noic,Nantes Carrot,https://cdn.keycap-archivist.com/keycaps/f24c0868.jpg
7790c1bf,CYSM,‏‏‎ ‏‏‎ ‎‎Noic,Mustard,https://cdn.keycap-archivist.com/keycaps/7790c1bf.jpg
f0b8e35d,CYSM,‏‏‎ ‏‏‎ ‎‎Noic,Jalapeño Pepper,https://cdn.keycap-archivist.com/keycaps/f0b8e35d.jpg
752afef,CYSM,‏‏‎ ‏‏‎ ‎‎Noic,Sky Juice,https://cdn.keycap-archivist.com/keycaps/752afef.jpg
49d9b8b1,CYSM,‏‏‎ ‏‏‎ ‎‎Noic,Pulut Taitai,https://cdn.keycap-archivist.com/keycaps/49d9b8b1.jpg
e8a62c9e,CYSM,‏‏‎ ‏‏‎ ‎‎Noic,Purple Cabbage,https://cdn.keycap-archivist.com/keycaps/e8a62c9e.jpg
4a96bc41,CYSM,‏‏‎ ‏‏‎ ‎‎Noic,No Face,https://cdn.keycap-archivist.com/keycaps/4a96bc41.jpg
9fd1910a,CYSM,‏‏‎ ‏‏‎ ‎‎Noic,Crystal Meth,https://cdn.keycap-archivist.com/keycaps/9fd1910a.jpg
567a6da7,CYSM,‏‏‎ ‏‏‎ ‎‎Noic,SCP - 696969,https://cdn.keycap-archivist.com/keycaps/567a6da7.jpg
da325704,CYSM,‏‏‎ ‏‏‎ ‎‎Noic,Dolch & Gabanna,https://cdn.keycap-archivist.com/keycaps/da325704.jpg
98c67769,CYSM,‏‏‎ ‎‏‏‎ ‎Bare Bear,Ice Bear North Pole,https://cdn.keycap-archivist.com/keycaps/98c67769.jpg
aec7ab36,CYSM,‏‏‎ ‎‏‏‎ ‎Bare Bear,Grizz North Pole,https://cdn.keycap-archivist.com/keycaps/aec7ab36.jpg
7f62bfda,CYSM,‏‏‎ ‎‏‏‎ ‎Bare Bear,Pan-pan North Pole,https://cdn.keycap-archivist.com/keycaps/7f62bfda.jpg
e2471035,CYSM,‏‏‎ ‎‏‏‎ ‎Bare Bear,Ice Bear South Pole,https://cdn.keycap-archivist.com/keycaps/e2471035.jpg
1bf9c405,CYSM,‏‏‎ ‎‏‏‎ ‎Bare Bear,Grizz South Pole,https://cdn.keycap-archivist.com/keycaps/1bf9c405.jpg
8dc1ff9a,CYSM,‏‏‎ ‎‏‏‎ ‎Bare Bear,Pan-pan South Pole,https://cdn.keycap-archivist.com/keycaps/8dc1ff9a.jpg
37b3bfdb,CYSM,‏‏‎ ‎‏‏‎ ‎Ice Cube,OG Clear,https://cdn.keycap-archivist.com/keycaps/37b3bfdb.jpg
1bc93b11,CYSM,‏‏‎ ‎‏‏‎ ‎Ice Cube,Milk,https://cdn.keycap-archivist.com/keycaps/1bc93b11.jpg
f0a40956,CYSM,‏‏‎ ‎‏‏‎ ‎Ice Cube,Syrup Bandung,https://cdn.keycap-archivist.com/keycaps/f0a40956.jpg
f806adf0,CYSM,‏‏‎ ‎‏‏‎ ‎Ice Cube,Lime,https://cdn.keycap-archivist.com/keycaps/f806adf0.jpg
67c043d0,CYSM,‏‏‎ ‎‏‏‎ ‎Ice Cube,Grape Vitagen,https://cdn.keycap-archivist.com/keycaps/67c043d0.jpg
70f51cae,CYSM,‏‏‎ ‎‏‏‎ ‎Ice Cube,Salmon,https://cdn.keycap-archivist.com/keycaps/70f51cae.jpg
e30844b5,CYSM,‏‏‎ ‎‏‏‎ ‎Ice Cube,Vanilla,https://cdn.keycap-archivist.com/keycaps/e30844b5.jpg
1bda82b,CYSM,‏‏‎ ‎‏‏‎ ‎Ice Cube,Australian Beef,https://cdn.keycap-archivist.com/keycaps/1bda82b.jpg
47c7fb50,CYSM,‏‏‎ ‎‏‏‎ ‎Ice Cube,Nantes Carrot,https://cdn.keycap-archivist.com/keycaps/47c7fb50.jpg
f542ef8a,CYSM,‏‏‎ ‎‏‏‎ ‎Ice Cube,Mustard,https://cdn.keycap-archivist.com/keycaps/f542ef8a.jpg
c3861b74,CYSM,‏‏‎ ‎‏‏‎ ‎Ice Cube,Jalapeño Pepper,https://cdn.keycap-archivist.com/keycaps/c3861b74.jpg
73e2ee09,CYSM,‏‏‎ ‎‏‏‎ ‎Ice Cube,Sky Juice,https://cdn.keycap-archivist.com/keycaps/73e2ee09.jpg
464ee50b,CYSM,‏‏‎ ‎‏‏‎ ‎Ice Cube,Pulut Taitai,https://cdn.keycap-archivist.com/keycaps/464ee50b.jpg
6d18b39d,CYSM,‏‏‎ ‎‏‏‎ ‎Ice Cube,Purple Cabbage,https://cdn.keycap-archivist.com/keycaps/6d18b39d.jpg
4dfe9428,CYSM,‏‏‎ ‎‏‏‎ ‎Ice Cube,No Face,https://cdn.keycap-archivist.com/keycaps/4dfe9428.jpg
35280775,CYSM,‏‏‎ ‎‏‏‎ ‎Ice Cube,Starburst Universe,https://cdn.keycap-archivist.com/keycaps/35280775.jpg
bf1d74ac,CYSM,‏‏‎ ‎‏‏‎ ‎Ice Cube,Crystal Meth,https://cdn.keycap-archivist.com/keycaps/bf1d74ac.jpg
54acaa52,CYSM,‏‏‎ ‎‏‏‎ ‎Ice Cube,Milk Infused,https://cdn.keycap-archivist.com/keycaps/54acaa52.jpg
9ec9632c,CYSM,‏‏‎ ‎‏‏‎ ‎Ice Cube,Classic Blue,https://cdn.keycap-archivist.com/keycaps/9ec9632c.jpg
f90b540,CYSM,‏‏‎ ‎‏‏‎ ‎Ice Cube,Classic Blue,https://cdn.keycap-archivist.com/keycaps/f90b540.jpg
6faca171,CYSM,‏‏‎ ‎‏‏‎ ‎Ice Cube,Cold Hearted Bitch,https://cdn.keycap-archivist.com/keycaps/6faca171.jpg
998cd1c0,CYSM,‏‏‎ ‎‏‏‎ ‎Ice Cube,Sweetheart,https://cdn.keycap-archivist.com/keycaps/998cd1c0.jpg
246dc2be,CYSM,‏‏‎ ‎‏‏‎ ‎Ice Cube,Milo,https://cdn.keycap-archivist.com/keycaps/246dc2be.jpg
b76fc8ef,CYSM,‏‏‎ ‎‏‏‎ ‎Ice Cube,Milo Kotak,https://cdn.keycap-archivist.com/keycaps/b76fc8ef.jpg
11df635a,CYSM,‏‏‎ ‎‏‏‎ ‎Ice Cube,Algae Bloom,https://cdn.keycap-archivist.com/keycaps/11df635a.jpg
bc62a901,CYSM,‏‏‎ ‎‏‏‎ ‎Ice Cube,Spilled Bingsu,https://cdn.keycap-archivist.com/keycaps/bc62a901.jpg
d5497009,CYSM,‏‏‎ ‎‏‏‎ ‎Ice Cube,Dawn,https://cdn.keycap-archivist.com/keycaps/d5497009.jpg
1262626c,CYSM,‏‏‎ ‎‏‏‎ ‎Ice Cube,Dusk,https://cdn.keycap-archivist.com/keycaps/1262626c.jpg
87bbe9b3,CYSM,‏‏‎ ‎‏‏‎ ‎Ice Cube,Islander,https://cdn.keycap-archivist.com/keycaps/87bbe9b3.jpg
d747c4a1,CYSM,‏‏‎ ‎‏‏‎ ‎Ice Cube,Innisfree,https://cdn.keycap-archivist.com/keycaps/d747c4a1.jpg
1bd8106e,CYSM,‏‏‎ ‎‏‏‎ ‎Ice Cube,Aurora Light,https://cdn.keycap-archivist.com/keycaps/1bd8106e.jpg
ddf1cf13,CYSM,‏‏‎ ‎‏‏‎ ‎Ice Cube,Aurora Dark,https://cdn.keycap-archivist.com/keycaps/ddf1cf13.jpg
b837eb71,CYSM,‏‏‎ ‎‏‏‎ ‎Ice Cube,Ribenna,https://cdn.keycap-archivist.com/keycaps/b837eb71.jpg
29e23eae,CYSM,‏‏‎ ‎‏‏‎ ‎Ice Cube,Olympian,https://cdn.keycap-archivist.com/keycaps/29e23eae.jpg
80865274,CYSM,‏‏‎ ‎‏‏‎ ‎Ice Cube,Viva Magenta,https://cdn.keycap-archivist.com/keycaps/80865274.jpg
be5b1f21,CYSM,‏‏‎ ‎Avo,OG Fresh,https://cdn.keycap-archivist.com/keycaps/be5b1f21.jpg
f2954e70,CYSM,‏‏‎ ‎Avo,Ripe,https://cdn.keycap-archivist.com/keycaps/f2954e70.jpg
fd1b7b2b,CYSM,‏‏‎ ‎Avo,Tamago,https://cdn.keycap-archivist.com/keycaps/fd1b7b2b.jpg
270d0ddc,CYSM,‏‏‎ ‎Avo,Groom,https://cdn.keycap-archivist.com/keycaps/270d0ddc.jpg
9295c609,CYSM,‏‏‎ ‎Avo,Bride,https://cdn.keycap-archivist.com/keycaps/9295c609.jpg
55cc120f,CYSM,‏‏‎ ‎Avo,Blissful,https://cdn.keycap-archivist.com/keycaps/55cc120f.jpg
e72e807d,CYSM,‏‏‎ ‎Avo,Classic Blue,https://cdn.keycap-archivist.com/keycaps/e72e807d.jpg
601d8e3e,CYSM,‏‏‎ ‎Avo,Strawberry,https://cdn.keycap-archivist.com/keycaps/601d8e3e.jpg
74ff9d83,CYSM,‏‏‎ ‎Avo,Cucumber,https://cdn.keycap-archivist.com/keycaps/74ff9d83.jpg
d56b0951,CYSM,‏‏‎ ‎Avo,Kiwi,https://cdn.keycap-archivist.com/keycaps/d56b0951.jpg
8d693ae7,CYSM,‏‏‎ ‎Avo,Coconut,https://cdn.keycap-archivist.com/keycaps/8d693ae7.jpg
dbaacb3b,CYSM,‏‏‎ ‎Avo,Dragon Fruit,https://cdn.keycap-archivist.com/keycaps/dbaacb3b.jpg
dd37e497,CYSM,‏‏‎ ‎Avo,Banana,https://cdn.keycap-archivist.com/keycaps/dd37e497.jpg
65500b42,CYSM,‏‏‎ ‎Avo,Lemon,https://cdn.keycap-archivist.com/keycaps/65500b42.jpg
78ec3877,CYSM,‏‏‎ ‎Avo,Watermelon,https://cdn.keycap-archivist.com/keycaps/78ec3877.jpg
40756c2e,CYSM,‏‏‎ ‎Avo,Orange,https://cdn.keycap-archivist.com/keycaps/40756c2e.jpg
2508ab01,CYSM,‏‏‎ ‎Avo,Red Apple,https://cdn.keycap-archivist.com/keycaps/2508ab01.jpg
35fd9d00,CYSM,‏‏‎ ‎Avo,Green Apple,https://cdn.keycap-archivist.com/keycaps/35fd9d00.jpg
357476d9,CYSM,‏‏‎ ‎Avo,Grapefruit,https://cdn.keycap-archivist.com/keycaps/357476d9.jpg
a6541aa,CYSM,‏‏‎ ‎Avo,Unknown,https://cdn.keycap-archivist.com/keycaps/a6541aa.jpg
b627fa09,CYSM,‏‏‎ ‎Avo,Alfa Rioga,https://cdn.keycap-archivist.com/keycaps/b627fa09.jpg
6fd0682a,CYSM,‏‏‎ ‎‏‏‎ ‎Moon Bunny,Full Moon,https://cdn.keycap-archivist.com/keycaps/6fd0682a.jpg
fbe6f431,CYSM,‏‏‎ ‎‏‏‎ ‎Moon Bunny,NASA,https://cdn.keycap-archivist.com/keycaps/fbe6f431.jpg
c40ff2d3,CYSM,‏‏‎ ‎‏‏‎ ‎Moon Bunny,Galaxy,https://cdn.keycap-archivist.com/keycaps/c40ff2d3.jpg
67ebedf7,CYSM,‏‏‎ ‎‏‏‎ ‎Moon Bunny,Saturn,https://cdn.keycap-archivist.com/keycaps/67ebedf7.jpg
f99ed3a6,CYSM,‏‏‎ ‎‏‏‎ ‎Moon Bunny,Blood Moon,https://cdn.keycap-archivist.com/keycaps/f99ed3a6.jpg
95db3ea3,CYSM,‏‏‎ ‎‏‏‎ ‎Booo (Cold Fingers),Salmon,https://cdn.keycap-archivist.com/keycaps/95db3ea3.jpg
feca991b,CYSM,‏‏‎ ‎‏‏‎ ‎Booo (Cold Fingers),Vanilla,https://cdn.keycap-archivist.com/keycaps/feca991b.jpg
e74a1036,CYSM,‏‏‎ ‎‏‏‎ ‎Booo (Cold Fingers),Australian Beef,https://cdn.keycap-archivist.com/keycaps/e74a1036.jpg
f4c7ecc2,CYSM,‏‏‎ ‎‏‏‎ ‎Booo (Cold Fingers),Nantes Carrot,https://cdn.keycap-archivist.com/keycaps/f4c7ecc2.jpg
622433f0,CYSM,‏‏‎ ‎‏‏‎ ‎Booo (Cold Fingers),Mustard,https://cdn.keycap-archivist.com/keycaps/622433f0.jpg
d9593236,CYSM,‏‏‎ ‎‏‏‎ ‎Booo (Cold Fingers),Jalapeño Pepper,https://cdn.keycap-archivist.com/keycaps/d9593236.jpg
c3de6c4e,CYSM,‏‏‎ ‎‏‏‎ ‎Booo (Cold Fingers),Sky Juice,https://cdn.keycap-archivist.com/keycaps/c3de6c4e.jpg
722c012f,CYSM,‏‏‎ ‎‏‏‎ ‎Booo (Cold Fingers),Pulut Taitai,https://cdn.keycap-archivist.com/keycaps/722c012f.jpg
97046fe2,CYSM,‏‏‎ ‎‏‏‎ ‎Booo (Cold Fingers),Purple Cabbage,https://cdn.keycap-archivist.com/keycaps/97046fe2.jpg
50dbd936,CYSM,‏‏‎ ‎‏‏‎ ‎Avo Blank,OG Fresh,https://cdn.keycap-archivist.com/keycaps/50dbd936.jpg
36ea0379,CYSM,‏‏‎ ‎‏‏‎ ‎Avo Blank,Ripe,https://cdn.keycap-archivist.com/keycaps/36ea0379.jpg
ee8366a3,CYSM,‏‏‎ ‎‏‏‎ ‎Avo Blank,Tamago,https://cdn.keycap-archivist.com/keycaps/ee8366a3.jpg
75d32ef,CYSM,‏‏‎ ‎‏‏‎ ‎Avo Blank,Classic Blue,https://cdn.keycap-archivist.com/keycaps/75d32ef.jpg
5dd20a11,CYSM,‏‏‎ ‎‏‏‎ ‎Avo Blank,CB + White Yolk,https://cdn.keycap-archivist.com/keycaps/5dd20a11.jpg
721a4aee,CYSM,‏‏‎ ‎‏‏‎ ‎Yule Blank,Christmas,https://cdn.keycap-archivist.com/keycaps/721a4aee.jpg
56b88bab,CYSM,‏‏‎ ‎‏‏‎ ‎Yule Blank,Merry,https://cdn.keycap-archivist.com/keycaps/56b88bab.jpg
46885269,CYSM,‏‏‎ ‎‏‏‎ ‎Yule Blank,Jolly Spirit,https://cdn.keycap-archivist.com/keycaps/46885269.jpg
3db5e64,CYSM,‏‏‎ ‎‏‏‎ ‎Yule Blank,Kit Katz,https://cdn.keycap-archivist.com/keycaps/3db5e64.jpg
b0603b92,CYSM,‏‏‎ ‎‏‏‎ ‎Others,Thomas (Green Wavez),https://cdn.keycap-archivist.com/keycaps/b0603b92.jpg
ee8e3d73,CYSM,‏‏‎ ‎‏‏‎ ‎Others,Play Button (Green Wavez),https://cdn.keycap-archivist.com/keycaps/ee8e3d73.jpg
938f0602,CYSM,‏‏‎ ‎‏‏‎ ‎Others,Thomas (Green Wavez),https://cdn.keycap-archivist.com/keycaps/938f0602.jpg
9d46caa2,CYSM,‏‏‎ ‎‏‏‎ ‎Others,Play Button (Green Wavez),https://cdn.keycap-archivist.com/keycaps/9d46caa2.jpg
981bb0ea,CYSM,‏‏‎ ‎‏‏‎ ‎Others,CYSM Hot Wheels Truck (1/5),https://cdn.keycap-archivist.com/keycaps/981bb0ea.jpg
65343132,CYSM,‏‏‎ ‎‏‏‎ ‎Others,MONOKEI x CYSM CYSM Keycap,https://cdn.keycap-archivist.com/keycaps/65343132.jpg
770e40ec,CYSM,‏‏‎ ‎‏‏‎ ‎Others,MONOKEI x CYSM Keyby Keycap,https://cdn.keycap-archivist.com/keycaps/770e40ec.jpg
f81823db,CYSM,‏‏‎ ‎‏‏‎ ‎Others,MONOKEI x CYSM Keyby Keycap,https://cdn.keycap-archivist.com/keycaps/f81823db.jpg
