id,artist,sculpt,name,img
ce5f0ce,T-Lab,JawZ,VAC Mid Autumn,https://cdn.keycap-archivist.com/keycaps/ce5f0ce.jpg
baa46c1d,T-Lab,JawZ,MYMK Meetup '22,https://cdn.keycap-archivist.com/keycaps/baa46c1d.jpg
c49156ca,T-Lab,JawZ,Halloween,https://cdn.keycap-archivist.com/keycaps/c49156ca.jpg
498f5ea7,T-Lab,JawZ,Tipsy,https://cdn.keycap-archivist.com/keycaps/498f5ea7.jpg
46bbaca8,T-Lab,JawZ,DMS,https://cdn.keycap-archivist.com/keycaps/46bbaca8.jpg
83692c7e,T-Lab,JawZ,Hungry,https://cdn.keycap-archivist.com/keycaps/83692c7e.jpg
465e14e3,T-Lab,JawZ,Mickey,https://cdn.keycap-archivist.com/keycaps/465e14e3.jpg
ce963917,T-Lab,JawZ,Wario,https://cdn.keycap-archivist.com/keycaps/ce963917.jpg
3096dbc0,T-Lab,JawZ,Elune,https://cdn.keycap-archivist.com/keycaps/3096dbc0.jpg
1d66f645,T-Lab,JawZ,Rudolph,https://cdn.keycap-archivist.com/keycaps/1d66f645.jpg
9f20485a,T-Lab,JawZ,Shinbei,https://cdn.keycap-archivist.com/keycaps/9f20485a.jpg
2160f9bf,T-Lab,JawZ,Ol' Teddy,https://cdn.keycap-archivist.com/keycaps/2160f9bf.jpg
e4b5fe70,T-Lab,JawZ,Micltan,https://cdn.keycap-archivist.com/keycaps/e4b5fe70.jpg
9ff67479,T-Lab,Trixie,Cookies n' Cream,https://cdn.keycap-archivist.com/keycaps/9ff67479.jpg
c576cdd4,T-Lab,Trixie,Taro,https://cdn.keycap-archivist.com/keycaps/c576cdd4.jpg
1c6b82e,T-Lab,Trixie,Pharaoh,https://cdn.keycap-archivist.com/keycaps/1c6b82e.jpg
9b89dbec,T-Lab,Trixie,SugarHype,https://cdn.keycap-archivist.com/keycaps/9b89dbec.jpg
baecff79,T-Lab,Trixie,Patrick,https://cdn.keycap-archivist.com/keycaps/baecff79.jpg
eb72a8b0,T-Lab,Trixie,Dino,https://cdn.keycap-archivist.com/keycaps/eb72a8b0.jpg
a22a7355,T-Lab,Trixie,Roberta,https://cdn.keycap-archivist.com/keycaps/a22a7355.jpg
f240d684,T-Lab,Trixie,Good Gal,https://cdn.keycap-archivist.com/keycaps/f240d684.jpg
393fb521,T-Lab,Trixie,Mario,https://cdn.keycap-archivist.com/keycaps/393fb521.jpg
8c3c636a,T-Lab,Trixie,Popcorn,https://cdn.keycap-archivist.com/keycaps/8c3c636a.jpg
c13a99aa,T-Lab,Trixie,Mictlan,https://cdn.keycap-archivist.com/keycaps/c13a99aa.jpg
bfac053a,T-Lab,Trixie,Dora,https://cdn.keycap-archivist.com/keycaps/bfac053a.jpg
e7329bd7,T-Lab,Trixie,Laser,https://cdn.keycap-archivist.com/keycaps/e7329bd7.jpg
bf6d8256,T-Lab,Trixie,Berry,https://cdn.keycap-archivist.com/keycaps/bf6d8256.jpg
d74bbab3,T-Lab,Trixie,Reaper,https://cdn.keycap-archivist.com/keycaps/d74bbab3.jpg
9b8f0387,T-Lab,Trixie,Obito,https://cdn.keycap-archivist.com/keycaps/9b8f0387.jpg
264c9bd1,T-Lab,Trixie,Nemo,https://cdn.keycap-archivist.com/keycaps/264c9bd1.jpg
c6fec5e5,T-Lab,Trixie,MYMK Meetup '22,https://cdn.keycap-archivist.com/keycaps/c6fec5e5.jpg
291d913f,T-Lab,Trixie,Sakura,https://cdn.keycap-archivist.com/keycaps/291d913f.jpg
8a8164f7,T-Lab,Trixie,Faded,https://cdn.keycap-archivist.com/keycaps/8a8164f7.jpg
db1e53c2,T-Lab,Trixie,Chopper,https://cdn.keycap-archivist.com/keycaps/db1e53c2.jpg
eb6ab737,T-Lab,Trixie,Halloween,https://cdn.keycap-archivist.com/keycaps/eb6ab737.jpg
fa7f5e1a,T-Lab,Trixie,Balloon,https://cdn.keycap-archivist.com/keycaps/fa7f5e1a.jpg
999c0bf6,T-Lab,Trixie,Tipsy,https://cdn.keycap-archivist.com/keycaps/999c0bf6.jpg
143166ae,T-Lab,Trixie,DMS,https://cdn.keycap-archivist.com/keycaps/143166ae.jpg
236eae7b,T-Lab,Trixie,Hungry,https://cdn.keycap-archivist.com/keycaps/236eae7b.jpg
f1148196,T-Lab,Trixie,Minnie,https://cdn.keycap-archivist.com/keycaps/f1148196.jpg
317ba000,T-Lab,Trixie,Wario,https://cdn.keycap-archivist.com/keycaps/317ba000.jpg
3e15e6cb,T-Lab,Trixie,Elune,https://cdn.keycap-archivist.com/keycaps/3e15e6cb.jpg
5e32651d,T-Lab,Trixie,Santa,https://cdn.keycap-archivist.com/keycaps/5e32651d.jpg
dd237e71,T-Lab,Trixie,Shinbei,https://cdn.keycap-archivist.com/keycaps/dd237e71.jpg
957945,T-Lab,Trixie,Ol' Teddy,https://cdn.keycap-archivist.com/keycaps/957945.jpg
635a4f98,T-Lab,Trixie,Year of Trixie,https://cdn.keycap-archivist.com/keycaps/635a4f98.jpg
6e07d31d,T-Lab,Trixie,Luigi,https://cdn.keycap-archivist.com/keycaps/6e07d31d.jpg
40c061fd,T-Lab,Trixie,Cupid,https://cdn.keycap-archivist.com/keycaps/40c061fd.jpg
29a2e931,T-Lab,Spookie,(Prototype),https://cdn.keycap-archivist.com/keycaps/29a2e931.jpg
c98fc16,T-Lab,Spookie,OG,https://cdn.keycap-archivist.com/keycaps/c98fc16.jpg
8698758c,T-Lab,Spookie,Gymnastic,https://cdn.keycap-archivist.com/keycaps/8698758c.jpg
24b96529,T-Lab,Spookie,Flora,https://cdn.keycap-archivist.com/keycaps/24b96529.jpg
df96bf0d,T-Lab,Spookie,Captain,https://cdn.keycap-archivist.com/keycaps/df96bf0d.jpg
76fa98b1,T-Lab,Spookie,Carbon,https://cdn.keycap-archivist.com/keycaps/76fa98b1.jpg
21f3c914,T-Lab,Spookie,Bling-Bling,https://cdn.keycap-archivist.com/keycaps/21f3c914.jpg
36f844bd,T-Lab,Spookie,Citrus,https://cdn.keycap-archivist.com/keycaps/36f844bd.jpg
f06b8e54,T-Lab,Spookie,Fury,https://cdn.keycap-archivist.com/keycaps/f06b8e54.jpg
328b0e70,T-Lab,Spookie,Smash,https://cdn.keycap-archivist.com/keycaps/328b0e70.jpg
b367b1bf,T-Lab,Spookie,Hawk,https://cdn.keycap-archivist.com/keycaps/b367b1bf.jpg
d0b34af2,T-Lab,Spookie,Mark III,https://cdn.keycap-archivist.com/keycaps/d0b34af2.jpg
bf2ca17,T-Lab,Spookie,Romanova,https://cdn.keycap-archivist.com/keycaps/bf2ca17.jpg
d23714bd,T-Lab,Spookie,Konvict,https://cdn.keycap-archivist.com/keycaps/d23714bd.jpg
53f69b3b,T-Lab,Spookie,Taro,https://cdn.keycap-archivist.com/keycaps/53f69b3b.jpg
9e7817aa,T-Lab,Spookie,Pharaoh,https://cdn.keycap-archivist.com/keycaps/9e7817aa.jpg
b3d71b64,T-Lab,Spookie,SugarHype,https://cdn.keycap-archivist.com/keycaps/b3d71b64.jpg
d3983f10,T-Lab,Spookie,Patrick,https://cdn.keycap-archivist.com/keycaps/d3983f10.jpg
74ddb330,T-Lab,Spookie,Dino,https://cdn.keycap-archivist.com/keycaps/74ddb330.jpg
eb76ff59,T-Lab,Spookie,Bob,https://cdn.keycap-archivist.com/keycaps/eb76ff59.jpg
70247343,T-Lab,Spookie,Good Boi,https://cdn.keycap-archivist.com/keycaps/70247343.jpg
ac4b428c,T-Lab,Spookie,Mario,https://cdn.keycap-archivist.com/keycaps/ac4b428c.jpg
b9f97753,T-Lab,Spookie,Popcorn,https://cdn.keycap-archivist.com/keycaps/b9f97753.jpg
9e2d3f63,T-Lab,Spookie,Mictlan,https://cdn.keycap-archivist.com/keycaps/9e2d3f63.jpg
c5d04275,T-Lab,Spookie,Dora,https://cdn.keycap-archivist.com/keycaps/c5d04275.jpg
cb5337ed,T-Lab,Spookie,Laser,https://cdn.keycap-archivist.com/keycaps/cb5337ed.jpg
7d024f40,T-Lab,Spookie,Berry,https://cdn.keycap-archivist.com/keycaps/7d024f40.jpg
ee48284a,T-Lab,Spookie,Reaper,https://cdn.keycap-archivist.com/keycaps/ee48284a.jpg
bc92999c,T-Lab,Spookie,Sharingan,https://cdn.keycap-archivist.com/keycaps/bc92999c.jpg
bce53580,T-Lab,Spookie,Nemo,https://cdn.keycap-archivist.com/keycaps/bce53580.jpg
9ed7eb0f,T-Lab,Spookie,Sakura,https://cdn.keycap-archivist.com/keycaps/9ed7eb0f.jpg
2f44e41d,T-Lab,Spookie,Faded,https://cdn.keycap-archivist.com/keycaps/2f44e41d.jpg
c138a71f,T-Lab,Spookie,Chopper,https://cdn.keycap-archivist.com/keycaps/c138a71f.jpg
7950fb7d,T-Lab,Spookie,Balloon,https://cdn.keycap-archivist.com/keycaps/7950fb7d.jpg
5b10ac12,T-Lab,Troy,Olivia,https://cdn.keycap-archivist.com/keycaps/5b10ac12.jpg
2036cf5a,T-Lab,Troy,Hyper,https://cdn.keycap-archivist.com/keycaps/2036cf5a.jpg
5120624a,T-Lab,Troy,Carbon,https://cdn.keycap-archivist.com/keycaps/5120624a.jpg
5d8cd348,T-Lab,Troy,Gymnastic,https://cdn.keycap-archivist.com/keycaps/5d8cd348.jpg
471bc06c,T-Lab,Troy,Bananie,https://cdn.keycap-archivist.com/keycaps/471bc06c.jpg
cf6a963f,T-Lab,Troy,Cotton Candy,https://cdn.keycap-archivist.com/keycaps/cf6a963f.jpg
74d53701,T-Lab,Troy,Camo,https://cdn.keycap-archivist.com/keycaps/74d53701.jpg
36b1e7b8,T-Lab,Troy,Summer Vibe,https://cdn.keycap-archivist.com/keycaps/36b1e7b8.jpg
ab208af3,T-Lab,Troy,Farvarg,https://cdn.keycap-archivist.com/keycaps/ab208af3.jpg
93867b3c,T-Lab,Troy,Wayne,https://cdn.keycap-archivist.com/keycaps/93867b3c.jpg
726e287b,T-Lab,Troy,Citrus,https://cdn.keycap-archivist.com/keycaps/726e287b.jpg
27783d43,T-Lab,Troy,Joker,https://cdn.keycap-archivist.com/keycaps/27783d43.jpg
f2a3000f,T-Lab,Troy,Sharingan,https://cdn.keycap-archivist.com/keycaps/f2a3000f.jpg
71515f4f,T-Lab,Toni,Hyper,https://cdn.keycap-archivist.com/keycaps/71515f4f.jpg
bf799de8,T-Lab,Toni,BoW,https://cdn.keycap-archivist.com/keycaps/bf799de8.jpg
60c1a969,T-Lab,Toni,Beamer,https://cdn.keycap-archivist.com/keycaps/60c1a969.jpg
955c1bc0,T-Lab,Toni,Terra,https://cdn.keycap-archivist.com/keycaps/955c1bc0.jpg
81638e6c,T-Lab,Toni,Bananie,https://cdn.keycap-archivist.com/keycaps/81638e6c.jpg
a60522,T-Lab,Toni,RB,https://cdn.keycap-archivist.com/keycaps/a60522.jpg
393d18b8,T-Lab,Toni,Kana,https://cdn.keycap-archivist.com/keycaps/393d18b8.jpg
d2794d5,T-Lab,Toni,Carbonie,https://cdn.keycap-archivist.com/keycaps/d2794d5.jpg
d6b48de8,T-Lab,Toni,Monochrome,https://cdn.keycap-archivist.com/keycaps/d6b48de8.jpg
ab63c64b,T-Lab,Toni,OB,https://cdn.keycap-archivist.com/keycaps/ab63c64b.jpg
d0013a07,T-Lab,Toni,Candy Cane,https://cdn.keycap-archivist.com/keycaps/d0013a07.jpg
79cf1d52,T-Lab,Mooe,Carbonie,https://cdn.keycap-archivist.com/keycaps/79cf1d52.jpg
11e86baf,T-Lab,Mooe,Beamer,https://cdn.keycap-archivist.com/keycaps/11e86baf.jpg
4b3f9e07,T-Lab,Mooe,Wiz,https://cdn.keycap-archivist.com/keycaps/4b3f9e07.jpg
323ef11d,T-Lab,Mooe,Canary,https://cdn.keycap-archivist.com/keycaps/323ef11d.jpg
9a1fddf6,T-Lab,Mooe,Classique,https://cdn.keycap-archivist.com/keycaps/9a1fddf6.jpg
e478f1b2,T-Lab,Mooe,Terra,https://cdn.keycap-archivist.com/keycaps/e478f1b2.jpg
16947ed7,T-Lab,Mooe,Marley,https://cdn.keycap-archivist.com/keycaps/16947ed7.jpg
86abf815,T-Lab,Mooe,BoW,https://cdn.keycap-archivist.com/keycaps/86abf815.jpg
335dda8d,T-Lab,Mooe,Monochrome,https://cdn.keycap-archivist.com/keycaps/335dda8d.jpg
85745fa4,T-Lab,Mooe,Candy Cane,https://cdn.keycap-archivist.com/keycaps/85745fa4.jpg
356f9091,T-Lab,Tolaga,Watermelonie,https://cdn.keycap-archivist.com/keycaps/356f9091.jpg
8fea4c4a,T-Lab,Tolaga,Bananie,https://cdn.keycap-archivist.com/keycaps/8fea4c4a.jpg
d2399820,T-Lab,Tolaga,Carbonie,https://cdn.keycap-archivist.com/keycaps/d2399820.jpg
7a584b31,T-Lab,Tolaga,Pastelie,https://cdn.keycap-archivist.com/keycaps/7a584b31.jpg
e151a15b,T-Lab,Tolaga,Lotusie,https://cdn.keycap-archivist.com/keycaps/e151a15b.jpg
5d1ca996,T-Lab,Tolaga,Snowie,https://cdn.keycap-archivist.com/keycaps/5d1ca996.jpg
64366763,T-Lab,Tolaga,Caramelie,https://cdn.keycap-archivist.com/keycaps/64366763.jpg
e4a0375a,T-Lab,Tolaga,Olivie,https://cdn.keycap-archivist.com/keycaps/e4a0375a.jpg
b002c9ce,T-Lab,Tolaga,Monochrome,https://cdn.keycap-archivist.com/keycaps/b002c9ce.jpg
62b4ce7,T-Lab,Tolaga,Candy Cane,https://cdn.keycap-archivist.com/keycaps/62b4ce7.jpg
